/*
Navicat Oracle Data Transfer
Oracle Client Version : 11.2.0.1.0

Source Server         : gjzspt
Source Server Version : 110200
Source Host           : 192.168.21.249:1521
Source Schema         : GJZSPT

Target Server Type    : ORACLE
Target Server Version : 110200
File Encoding         : 65001

Date: 2018-10-26 14:44:11
*/


-- ----------------------------
-- Table structure for KNOW_ALONE_APPLOG
-- ----------------------------
DROP TABLE "KNOW_ALONE_APPLOG";
CREATE TABLE "KNOW_ALONE_APPLOG" (
"ID" NVARCHAR2(32) NOT NULL ,
"CTIME" NVARCHAR2(16) NOT NULL ,
"DESCRIBES" NCLOB NOT NULL ,
"APPUSER" NVARCHAR2(32) NOT NULL ,
"LEVELS" NVARCHAR2(32) NULL ,
"METHOD" NVARCHAR2(128) NULL ,
"CLASSNAME" NVARCHAR2(128) NULL ,
"IP" NVARCHAR2(32) NULL 
)
LOGGING
NOCOMPRESS
NOCACHE

;

-- ----------------------------
-- Records of KNOW_ALONE_APPLOG
-- ----------------------------

-- ----------------------------
-- Table structure for KNOW_ALONE_AUTH_ACTION
-- ----------------------------
DROP TABLE "KNOW_ALONE_AUTH_ACTION";
CREATE TABLE "KNOW_ALONE_AUTH_ACTION" (
"ID" NVARCHAR2(32) NOT NULL ,
"AUTHKEY" NVARCHAR2(128) NOT NULL ,
"NAME" NVARCHAR2(64) NOT NULL ,
"COMMENTS" NVARCHAR2(128) NULL ,
"CTIME" NVARCHAR2(14) NOT NULL ,
"UTIME" NVARCHAR2(14) NOT NULL ,
"CUSER" NVARCHAR2(32) NOT NULL ,
"MUSER" NVARCHAR2(32) NOT NULL ,
"STATE" NCHAR(1) NOT NULL ,
"CHECKIS" NCHAR(1) NOT NULL ,
"LOGINIS" NCHAR(1) NOT NULL 
)
LOGGING
NOCOMPRESS
NOCACHE

;
COMMENT ON TABLE "KNOW_ALONE_AUTH_ACTION" IS 'InnoDB free: 12288 kB alone_action';
COMMENT ON COLUMN "KNOW_ALONE_AUTH_ACTION"."LOGINIS" IS '默认所有ACTION都要登录';

-- ----------------------------
-- Records of KNOW_ALONE_AUTH_ACTION
-- ----------------------------
INSERT INTO "KNOW_ALONE_AUTH_ACTION" VALUES ('40288b854a38408e014a384de88a0005', 'action/list', '权限管理_权限定义', null, '20141211154357', '20141211154357', '40288b854a329988014a329a12f30002', '40288b854a329988014a329a12f30002', '1', '1', '1');
INSERT INTO "KNOW_ALONE_AUTH_ACTION" VALUES ('40288b854a38974f014a38b3a6700017', 'actiontree/list', '权限管理_权限构造', null, '20141211173505', '20141211173505', '40288b854a329988014a329a12f30002', '40288b854a329988014a329a12f30002', '1', '1', '1');
INSERT INTO "KNOW_ALONE_AUTH_ACTION" VALUES ('40288b854a38974f014a38b93d0a0022', 'log/list', '系统配置_系统日志', null, '20141211174111', '20150831184926', '40288b854a329988014a329a12f30002', '40288b854a329988014a329a12f30002', '1', '1', '1');
INSERT INTO "KNOW_ALONE_AUTH_ACTION" VALUES ('40288b854a38974f014a38ba24f90024', 'parameter/list', '系统配置_参数定义', null, '20141211174210', '20150831185312', '40288b854a329988014a329a12f30002', '40288b854a329988014a329a12f30002', '1', '1', '1');
INSERT INTO "KNOW_ALONE_AUTH_ACTION" VALUES ('40288b854a38974f014a38bafb830026', 'parameter/editlist', '系统配置_系统参数', null, '20141211174305', '20151016154936', '40288b854a329988014a329a12f30002', '40288b854a329988014a329a12f30002', '1', '1', '1');
INSERT INTO "KNOW_ALONE_AUTH_ACTION" VALUES ('40288b854a38974f014a38bb431b0028', 'parameter/userelist', '系统配置_个性化参数', null, '20141211174324', '20151016154959', '40288b854a329988014a329a12f30002', '40288b854a329988014a329a12f30002', '1', '1', '1');
INSERT INTO "KNOW_ALONE_AUTH_ACTION" VALUES ('40288b854a38974f014a38bd26a0002a', 'dictionary/list', '系统配置_数据字典', null, '20141211174527', '20150831185552', '40288b854a329988014a329a12f30002', '40288b854a329988014a329a12f30002', '1', '1', '1');
INSERT INTO "KNOW_ALONE_AUTH_ACTION" VALUES ('40288b854a38974f014a38beae79002d', 'user/list', '组织用户管理_用户管理', null, '20141211174708', '20150831185712', '40288b854a329988014a329a12f30002', '40288b854a329988014a329a12f30002', '1', '1', '1');
INSERT INTO "KNOW_ALONE_AUTH_ACTION" VALUES ('40288b854a38974f014a38bf10fc002f', 'organization/list', '组织用户管理_组织机构管理', null, '20141211174733', '20150831185753', '40288b854a329988014a329a12f30002', '40288b854a329988014a329a12f30002', '1', '1', '1');
INSERT INTO "KNOW_ALONE_AUTH_ACTION" VALUES ('40288b854a3daac8014a3dfe03990005', 'FarmPortalComponentConsole', '门户管理_组件库', null, '20141212181424', '20141212181424', '40288b854a329988014a329a12f30002', '40288b854a329988014a329a12f30002', '1', '1', '1');
INSERT INTO "KNOW_ALONE_AUTH_ACTION" VALUES ('40288b854a3daac8014a3dfefcce0007', 'FarmPortalPortaltreeConsole', '门户管理_门户配置', null, '20141212181528', '20141212181528', '40288b854a329988014a329a12f30002', '40288b854a329988014a329a12f30002', '1', '1', '1');
INSERT INTO "KNOW_ALONE_AUTH_ACTION" VALUES ('40288b854a3e037e014a3e1d76810003', 'FarmFormsFormcategoryConsole', '动态表单_表单分类', null, '20141212184845', '20141212184845', '40288b854a329988014a329a12f30002', '40288b854a329988014a329a12f30002', '1', '1', '1');
INSERT INTO "KNOW_ALONE_AUTH_ACTION" VALUES ('40288b854a3e037e014a3e1e46150005', 'FarmFormsQueryConsole', '动态表单_查询表单配置', null, '20141212184939', '20141212184939', '40288b854a329988014a329a12f30002', '40288b854a329988014a329a12f30002', '1', '1', '1');
INSERT INTO "KNOW_ALONE_AUTH_ACTION" VALUES ('40288b854a50d918014a50dbdc460002', 'HhYWConsole', '系统配置_数据库管理', null, '20141216100953', '20141216100953', '40288b854a329988014a329a12f30002', '40288b854a329988014a329a12f30002', '1', '1', '1');
INSERT INTO "KNOW_ALONE_AUTH_ACTION" VALUES ('40288b854a50d918014a50dcfa580005', 'FarmQzTrigger_ACTION_CONSOLE', '任务调度_触发器定义', null, '20141216101106', '20141216101106', '40288b854a329988014a329a12f30002', '40288b854a329988014a329a12f30002', '1', '1', '1');
INSERT INTO "KNOW_ALONE_AUTH_ACTION" VALUES ('40288b854a50d918014a50ddb7400007', 'FarmQzTask_ACTION_CONSOLE', '任务调度_任务定义', null, '20141216101155', '20141216101155', '40288b854a329988014a329a12f30002', '40288b854a329988014a329a12f30002', '1', '1', '1');
INSERT INTO "KNOW_ALONE_AUTH_ACTION" VALUES ('40288b854a50d918014a50def0aa0009', 'qzScheduler/list', '任务调度_调度实例', null, '20141216101315', '20151114134845', '40288b854a329988014a329a12f30002', '40288b854a329988014a329a12f30002', '1', '1', '1');
INSERT INTO "KNOW_ALONE_AUTH_ACTION" VALUES ('402894ca4a9a155d014a9a1790810003', 'docfile/list', '文档管理_附件管理', null, '20141230152723', '20150831185928', '40288b854a329988014a329a12f30002', '40288b854a329988014a329a12f30002', '1', '1', '1');
INSERT INTO "KNOW_ALONE_AUTH_ACTION" VALUES ('402894ca4a9a155d014a9a182dbb0005', 'FarmDocgroupUser_ACTION_CONSOLE', '文档管理_工作小组管理', null, '20141230152803', '20141230152803', '40288b854a329988014a329a12f30002', '40288b854a329988014a329a12f30002', '1', '1', '1');
INSERT INTO "KNOW_ALONE_AUTH_ACTION" VALUES ('402894ca4a9a155d014a9a1905200007', 'docgroup/list', '文档管理_工作小组管理', null, '20141230152858', '20150831190059', '40288b854a329988014a329a12f30002', '40288b854a329988014a329a12f30002', '1', '1', '1');
INSERT INTO "KNOW_ALONE_AUTH_ACTION" VALUES ('402894ca4a9a155d014a9a1a32940009', 'FarmDocmessage_ACTION_CONSOLE', '文档管理_文档留言', null, '20141230153015', '20141230153015', '40288b854a329988014a329a12f30002', '40288b854a329988014a329a12f30002', '1', '1', '1');
INSERT INTO "KNOW_ALONE_AUTH_ACTION" VALUES ('402894ca4a9a155d014a9a1a8dd3000b', 'doctype/list', '文档管理_文档分类', null, '20141230153039', '20150831190127', '40288b854a329988014a329a12f30002', '40288b854a329988014a329a12f30002', '1', '1', '1');
INSERT INTO "KNOW_ALONE_AUTH_ACTION" VALUES ('402894ca4a9a155d014a9a1afe60000d', 'doc/list', '文档管理_文档管理', null, '20141230153108', '20150901182811', '40288b854a329988014a329a12f30002', '40288b854a329988014a329a12f30002', '1', '1', '1');
INSERT INTO "KNOW_ALONE_AUTH_ACTION" VALUES ('40288b854ab4231a014ab45e15850003', 'FarmCodeProject_ACTION_CONSOLE', '代码工程_工程定义', null, '20150104175432', '20150104175432', '40288b854a329988014a329a12f30002', '40288b854a329988014a329a12f30002', '1', '1', '1');
INSERT INTO "KNOW_ALONE_AUTH_ACTION" VALUES ('40288b854ab4231a014ab45ee9fb0005', 'FarmCodeGuide_ACTION_CONSOLE', '代码工程_生成向导', null, '20150104175526', '20150104175526', '40288b854a329988014a329a12f30002', '40288b854a329988014a329a12f30002', '1', '1', '1');
INSERT INTO "KNOW_ALONE_AUTH_ACTION" VALUES ('402888a84f970dad014f971444550009', 'farmtop/list', '文档管理_置顶文档', null, '20150904143851', '20150904144025', '40288b854a329988014a329a12f30002', '40288b854a329988014a329a12f30002', '1', '1', '1');
INSERT INTO "KNOW_ALONE_AUTH_ACTION" VALUES ('402894ca4add11f6014add19da9d000a', 'FarmPlanTaskConsole', '当前任务_计划任务', null, '20150112154426', '20150112154426', '40288b854a329988014a329a12f30002', '40288b854a329988014a329a12f30002', '1', '1', '1');
INSERT INTO "KNOW_ALONE_AUTH_ACTION" VALUES ('402894ca4ae0e797014ae1ab12120031', 'docIndex/list', '文档管理_全文索引', null, '20150113130132', '20150831190209', '40288b854a329988014a329a12f30002', '40288b854a329988014a329a12f30002', '1', '1', '1');
INSERT INTO "KNOW_ALONE_AUTH_ACTION" VALUES ('402888a850472ac50150472d85070009', 'weburl/list', '文档管理_推荐服务', null, '20151008191936', '20151008191936', '40288b854a329988014a329a12f30002', '40288b854a329988014a329a12f30002', '1', '1', '1');
INSERT INTO "KNOW_ALONE_AUTH_ACTION" VALUES ('402888a8509d16e201509d191db90009', 'farmReleaseRanking/list', '文档管理_用户文档排名', null, '20151025114440', '20151025114440', '40288b854a329988014a329a12f30002', '40288b854a329988014a329a12f30002', '1', '1', '1');
INSERT INTO "KNOW_ALONE_AUTH_ACTION" VALUES ('402888a850bcceeb0150bcd7f9780009', 'usermessage/list', '用户消息', null, '20151031154122', '20151031154122', '40288b854a329988014a329a12f30002', '40288b854a329988014a329a12f30002', '1', '1', '1');

-- ----------------------------
-- Table structure for KNOW_ALONE_AUTH_ACTIONTREE
-- ----------------------------
DROP TABLE "KNOW_ALONE_AUTH_ACTIONTREE";
CREATE TABLE "KNOW_ALONE_AUTH_ACTIONTREE" (
"ID" NVARCHAR2(32) NOT NULL ,
"SORT" NUMBER(11) NOT NULL ,
"PARENTID" NVARCHAR2(32) NOT NULL ,
"NAME" NVARCHAR2(64) NOT NULL ,
"TREECODE" NVARCHAR2(256) NOT NULL ,
"COMMENTS" NVARCHAR2(128) NULL ,
"TYPE" NCHAR(1) NOT NULL ,
"CTIME" NVARCHAR2(14) NOT NULL ,
"UTIME" NVARCHAR2(14) NOT NULL ,
"CUSER" NVARCHAR2(32) NOT NULL ,
"UUSER" NVARCHAR2(32) NOT NULL ,
"STATE" NCHAR(1) NOT NULL ,
"ACTIONID" NVARCHAR2(32) NULL ,
"DOMAIN" NVARCHAR2(64) NOT NULL ,
"ICON" NVARCHAR2(64) NULL ,
"IMGID" NVARCHAR2(32) NULL ,
"PARAMS" NVARCHAR2(128) NULL 
)
LOGGING
NOCOMPRESS
NOCACHE

;
COMMENT ON TABLE "KNOW_ALONE_AUTH_ACTIONTREE" IS 'InnoDB free: 12288 kB; (`action`) REFER `alone/alone_action`';
COMMENT ON COLUMN "KNOW_ALONE_AUTH_ACTIONTREE"."TYPE" IS '分类、菜单、权限';

-- ----------------------------
-- Records of KNOW_ALONE_AUTH_ACTIONTREE
-- ----------------------------
INSERT INTO "KNOW_ALONE_AUTH_ACTIONTREE" VALUES ('40288b854a38974f014a38b93d0a0023', '10', '40288b854a38408e014a384c4f3c0002', '系统日志', '40288b854a38408e014a384c4f3c000240288b854a38974f014a38b93d0a0023', null, '2', '20141211174111', '20141211174111', '40288b854a329988014a329a12f30002', '40288b854a329988014a329a12f30002', '1', '40288b854a38974f014a38b93d0a0022', 'alone', 'icon-tip', null, null);
INSERT INTO "KNOW_ALONE_AUTH_ACTIONTREE" VALUES ('40288b854a38408e014a384c4f3c0002', '1', 'NONE', '系统配置', '40288b854a38408e014a384c4f3c0002', null, '1', '20141211154212', '20141211173900', '40288b854a329988014a329a12f30002', '40288b854a329988014a329a12f30002', '1', null, 'alone', 'icon-sprocket_dark', null, null);
INSERT INTO "KNOW_ALONE_AUTH_ACTIONTREE" VALUES ('40288b854a38974f014a38bafb830027', '3', '40288b854a38408e014a384c4f3c0002', '参数设置', '40288b854a38408e014a384c4f3c000240288b854a38974f014a38bafb830027', null, '2', '20141211174305', '20151016155834', '40288b854a329988014a329a12f30002', '40288b854a329988014a329a12f30002', '1', '40288b854a38974f014a38bafb830026', 'alone', 'icon-sprocket_dark', null, null);
INSERT INTO "KNOW_ALONE_AUTH_ACTIONTREE" VALUES ('40288b854a38974f014a38be1805002c', '2', 'NONE', '组织用户管理', '40288b854a38974f014a38be1805002c', null, '1', '20141211174629', '20141211174629', '40288b854a329988014a329a12f30002', '40288b854a329988014a329a12f30002', '1', null, 'alone', 'icon-group_green_edit', null, null);
INSERT INTO "KNOW_ALONE_AUTH_ACTIONTREE" VALUES ('40288b854a38974f014a38beae79002e', '1', '40288b854a38974f014a38be1805002c', '用户管理', '40288b854a38974f014a38be1805002c40288b854a38974f014a38beae79002e', null, '2', '20141211174708', '20141211174708', '40288b854a329988014a329a12f30002', '40288b854a329988014a329a12f30002', '1', '40288b854a38974f014a38beae79002d', 'alone', 'icon-hire-me', null, null);
INSERT INTO "KNOW_ALONE_AUTH_ACTIONTREE" VALUES ('40288b854a38974f014a38bf10fc0030', '2', '40288b854a38974f014a38be1805002c', '组织机构管理', '40288b854a38974f014a38be1805002c40288b854a38974f014a38bf10fc0030', null, '2', '20141211174733', '20141211174733', '40288b854a329988014a329a12f30002', '40288b854a329988014a329a12f30002', '1', '40288b854a38974f014a38bf10fc002f', 'alone', 'icon-customers', null, null);
INSERT INTO "KNOW_ALONE_AUTH_ACTIONTREE" VALUES ('402894ca4ae0e797014ae1ab12120032', '6', '402894ca4a9a155d014a9a16561d0002', '全文索引', '402894ca4a9a155d014a9a16561d0002402894ca4ae0e797014ae1ab12120032', null, '2', '20150113130132', '20150113130132', '40288b854a329988014a329a12f30002', '40288b854a329988014a329a12f30002', '1', '402894ca4ae0e797014ae1ab12120031', 'alone', 'icon-application_osx_terminal', null, null);
INSERT INTO "KNOW_ALONE_AUTH_ACTIONTREE" VALUES ('402888a8509d16e201509d1a934d000a', '93', '402894ca4a9a155d014a9a16561d0002', '用户文档排名', '402894ca4a9a155d014a9a16561d0002402888a8509d16e201509d1a934d000a', null, '2', '20151025114616', '20160505155223', '40288b854a329988014a329a12f30002', '40288b854a329988014a329a12f30002', '1', '402888a8509d16e201509d191db90009', 'alone', 'icon-statistics', null, null);
INSERT INTO "KNOW_ALONE_AUTH_ACTIONTREE" VALUES ('40288b854a50d918014a50dc82980004', '11', '40288b854a38408e014a384c4f3c0002', '任务调度', '40288b854a38408e014a384c4f3c000240288b854a50d918014a50dc82980004', null, '1', '20141216101036', '20141216101036', '40288b854a329988014a329a12f30002', '40288b854a329988014a329a12f30002', '1', null, 'alone', 'icon-application_osx_terminal', null, null);
INSERT INTO "KNOW_ALONE_AUTH_ACTIONTREE" VALUES ('40288b854a50d918014a50def0aa000a', '3', '40288b854a50d918014a50dc82980004', '调度实例', '40288b854a38408e014a384c4f3c000240288b854a50d918014a50dc8298000440288b854a50d918014a50def0aa000a', null, '2', '20141216101315', '20141216101315', '40288b854a329988014a329a12f30002', '40288b854a329988014a329a12f30002', '1', '40288b854a50d918014a50def0aa0009', 'alone', 'icon-future-projects', null, null);
INSERT INTO "KNOW_ALONE_AUTH_ACTIONTREE" VALUES ('402894ca4a9a155d014a9a16561d0002', '3', 'NONE', '文档管理', '402894ca4a9a155d014a9a16561d0002', null, '1', '20141230152602', '20141230152602', '40288b854a329988014a329a12f30002', '40288b854a329988014a329a12f30002', '1', null, 'alone', 'icon-archives', null, null);
INSERT INTO "KNOW_ALONE_AUTH_ACTIONTREE" VALUES ('402894ca4a9a155d014a9a1790810004', '1', '402894ca4a9a155d014a9a16561d0002', '附件管理', '402894ca4a9a155d014a9a16561d0002402894ca4a9a155d014a9a1790810004', null, '2', '20141230152723', '20141230152723', '40288b854a329988014a329a12f30002', '40288b854a329988014a329a12f30002', '1', '402894ca4a9a155d014a9a1790810003', 'alone', 'icon-save', null, null);
INSERT INTO "KNOW_ALONE_AUTH_ACTIONTREE" VALUES ('402894ca4a9a155d014a9a1905200008', '3', '402894ca4a9a155d014a9a16561d0002', '工作小组管理', '402894ca4a9a155d014a9a16561d0002402894ca4a9a155d014a9a1905200008', null, '2', '20141230152858', '20160505155238', '40288b854a329988014a329a12f30002', '40288b854a329988014a329a12f30002', '1', '402894ca4a9a155d014a9a1905200007', 'alone', 'icon-group_green_new', null, null);
INSERT INTO "KNOW_ALONE_AUTH_ACTIONTREE" VALUES ('402894ca4a9a155d014a9a1a8de3000c', '5', '402894ca4a9a155d014a9a16561d0002', '文档分类', '402894ca4a9a155d014a9a16561d0002402894ca4a9a155d014a9a1a8de3000c', null, '2', '20141230153039', '20141230153039', '40288b854a329988014a329a12f30002', '40288b854a329988014a329a12f30002', '1', '402894ca4a9a155d014a9a1a8dd3000b', 'alone', 'icon-category', null, null);
INSERT INTO "KNOW_ALONE_AUTH_ACTIONTREE" VALUES ('402894ca4a9a155d014a9a1afe60000e', '6', '402894ca4a9a155d014a9a16561d0002', '文档管理', '402894ca4a9a155d014a9a16561d0002402894ca4a9a155d014a9a1afe60000e', null, '2', '20141230153107', '20141230153107', '40288b854a329988014a329a12f30002', '40288b854a329988014a329a12f30002', '1', '402894ca4a9a155d014a9a1afe60000d', 'alone', 'icon-blog', null, null);
INSERT INTO "KNOW_ALONE_AUTH_ACTIONTREE" VALUES ('402888a850472ac50150472e2d14000a', '92', '402894ca4a9a155d014a9a16561d0002', '推荐服务', '402894ca4a9a155d014a9a16561d0002402888a850472ac50150472e2d14000a', null, '2', '20151008192019', '20151008192206', '40288b854a329988014a329a12f30002', '40288b854a329988014a329a12f30002', '1', '402888a850472ac50150472d85070009', 'alone', 'icon-star', null, null);
INSERT INTO "KNOW_ALONE_AUTH_ACTIONTREE" VALUES ('402888a84f970dad014f971545c3000a', '9', '402894ca4a9a155d014a9a16561d0002', '置顶文档', '402894ca4a9a155d014a9a16561d0002402888a84f970dad014f971545c3000a', null, '2', '20150904143957', '20150904144052', '40288b854a329988014a329a12f30002', '40288b854a329988014a329a12f30002', '1', '402888a84f970dad014f971444550009', 'alone', 'icon-upcoming-work', null, null);
INSERT INTO "KNOW_ALONE_AUTH_ACTIONTREE" VALUES ('402888a850bcceeb0150bcd86c2e000a', '94', '402894ca4a9a155d014a9a16561d0002', '用户消息', '402894ca4a9a155d014a9a16561d0002402888a850bcceeb0150bcd86c2e000a', null, '2', '20151031154151', '20160505155138', '40288b854a329988014a329a12f30002', '40288b854a329988014a329a12f30002', '1', '402888a850bcceeb0150bcd7f9780009', 'alone', 'icon-email', null, null);

-- ----------------------------
-- Table structure for KNOW_ALONE_AUTH_ORGANIZATION
-- ----------------------------
DROP TABLE "KNOW_ALONE_AUTH_ORGANIZATION";
CREATE TABLE "KNOW_ALONE_AUTH_ORGANIZATION" (
"ID" NVARCHAR2(32) NOT NULL ,
"TREECODE" NVARCHAR2(256) NOT NULL ,
"COMMENTS" NVARCHAR2(128) NULL ,
"NAME" NVARCHAR2(64) NOT NULL ,
"CTIME" NVARCHAR2(14) NOT NULL ,
"UTIME" NVARCHAR2(14) NOT NULL ,
"STATE" NCHAR(1) NOT NULL ,
"CUSER" NVARCHAR2(32) NOT NULL ,
"MUSER" NVARCHAR2(32) NOT NULL ,
"PARENTID" NVARCHAR2(32) NULL ,
"SORT" NUMBER(11) NULL ,
"TYPE" NCHAR(1) NOT NULL 
)
LOGGING
NOCOMPRESS
NOCACHE

;
COMMENT ON TABLE "KNOW_ALONE_AUTH_ORGANIZATION" IS '组织类型：科室、班组、队组、其他';
COMMENT ON COLUMN "KNOW_ALONE_AUTH_ORGANIZATION"."TYPE" IS '组织类型：1科室、2班组、3队组、0其他';

-- ----------------------------
-- Records of KNOW_ALONE_AUTH_ORGANIZATION
-- ----------------------------
INSERT INTO "KNOW_ALONE_AUTH_ORGANIZATION" VALUES ('402888ac547fe1050154800171f30000', '402888ac547fe1050154800171f30000', null, '公司总部', '20160505162058', '20160505162058', '1', '40288b854a329988014a329a12f30002', '40288b854a329988014a329a12f30002', 'NONE', '1', '1');

-- ----------------------------
-- Table structure for KNOW_ALONE_AUTH_POST
-- ----------------------------
DROP TABLE "KNOW_ALONE_AUTH_POST";
CREATE TABLE "KNOW_ALONE_AUTH_POST" (
"ID" NVARCHAR2(32) NOT NULL ,
"CTIME" NVARCHAR2(16) NOT NULL ,
"ETIME" NVARCHAR2(16) NOT NULL ,
"CUSERNAME" NVARCHAR2(64) NOT NULL ,
"CUSER" NVARCHAR2(32) NOT NULL ,
"EUSERNAME" NVARCHAR2(64) NOT NULL ,
"EUSER" NVARCHAR2(32) NOT NULL ,
"PSTATE" NVARCHAR2(2) NOT NULL ,
"ORGANIZATIONID" NVARCHAR2(32) NOT NULL ,
"NAME" NVARCHAR2(64) NOT NULL ,
"EXTENDIS" NVARCHAR2(2) NOT NULL 
)
LOGGING
NOCOMPRESS
NOCACHE

;
COMMENT ON COLUMN "KNOW_ALONE_AUTH_POST"."EXTENDIS" IS '0:否1:是（默认否）';

-- ----------------------------
-- Records of KNOW_ALONE_AUTH_POST
-- ----------------------------
INSERT INTO "KNOW_ALONE_AUTH_POST" VALUES ('402888ac547fe10501548001be3a0001', '20160505162118', '20160505162118', '系统管理员', '40288b854a329988014a329a12f30002', '系统管理员', '40288b854a329988014a329a12f30002', '1', '402888ac547fe1050154800171f30000', '系统管理员', '1');

-- ----------------------------
-- Table structure for KNOW_ALONE_AUTH_POSTACTION
-- ----------------------------
DROP TABLE "KNOW_ALONE_AUTH_POSTACTION";
CREATE TABLE "KNOW_ALONE_AUTH_POSTACTION" (
"ID" NVARCHAR2(32) NOT NULL ,
"MENUID" NVARCHAR2(32) NOT NULL ,
"POSTID" NVARCHAR2(32) NOT NULL 
)
LOGGING
NOCOMPRESS
NOCACHE

;
COMMENT ON TABLE "KNOW_ALONE_AUTH_POSTACTION" IS 'InnoDB free: 12288 kB; (`actionid`) REFER `alone/alone_actio';

-- ----------------------------
-- Records of KNOW_ALONE_AUTH_POSTACTION
-- ----------------------------
INSERT INTO "KNOW_ALONE_AUTH_POSTACTION" VALUES ('402888ac547fe10501548001e39b0002', '40288b854a38408e014a384c4f3c0002', '402888ac547fe10501548001be3a0001');
INSERT INTO "KNOW_ALONE_AUTH_POSTACTION" VALUES ('402888ac547fe10501548001e39b0003', '40288b854a38974f014a38bafb830027', '402888ac547fe10501548001be3a0001');
INSERT INTO "KNOW_ALONE_AUTH_POSTACTION" VALUES ('402888ac547fe10501548001e39b0004', '40288b854a38974f014a38b93d0a0023', '402888ac547fe10501548001be3a0001');
INSERT INTO "KNOW_ALONE_AUTH_POSTACTION" VALUES ('402888ac547fe10501548001e39b0005', '40288b854a50d918014a50dc82980004', '402888ac547fe10501548001be3a0001');
INSERT INTO "KNOW_ALONE_AUTH_POSTACTION" VALUES ('402888ac547fe10501548001e39b0006', '40288b854a50d918014a50def0aa000a', '402888ac547fe10501548001be3a0001');
INSERT INTO "KNOW_ALONE_AUTH_POSTACTION" VALUES ('402888ac547fe10501548001e39b0007', '40288b854a38974f014a38be1805002c', '402888ac547fe10501548001be3a0001');
INSERT INTO "KNOW_ALONE_AUTH_POSTACTION" VALUES ('402888ac547fe10501548001e39b0008', '40288b854a38974f014a38beae79002e', '402888ac547fe10501548001be3a0001');
INSERT INTO "KNOW_ALONE_AUTH_POSTACTION" VALUES ('402888ac547fe10501548001e39b0009', '40288b854a38974f014a38bf10fc0030', '402888ac547fe10501548001be3a0001');
INSERT INTO "KNOW_ALONE_AUTH_POSTACTION" VALUES ('402888ac547fe10501548001e39b000a', '402894ca4a9a155d014a9a16561d0002', '402888ac547fe10501548001be3a0001');
INSERT INTO "KNOW_ALONE_AUTH_POSTACTION" VALUES ('402888ac547fe10501548001e39b000b', '402894ca4a9a155d014a9a1790810004', '402888ac547fe10501548001be3a0001');
INSERT INTO "KNOW_ALONE_AUTH_POSTACTION" VALUES ('402888ac547fe10501548001e39b000c', '402894ca4a9a155d014a9a1905200008', '402888ac547fe10501548001be3a0001');
INSERT INTO "KNOW_ALONE_AUTH_POSTACTION" VALUES ('402888ac547fe10501548001e39b000d', '402894ca4a9a155d014a9a1a8de3000c', '402888ac547fe10501548001be3a0001');
INSERT INTO "KNOW_ALONE_AUTH_POSTACTION" VALUES ('402888ac547fe10501548001e39b000e', '402894ca4a9a155d014a9a1afe60000e', '402888ac547fe10501548001be3a0001');
INSERT INTO "KNOW_ALONE_AUTH_POSTACTION" VALUES ('402888ac547fe10501548001e39b000f', '402894ca4ae0e797014ae1ab12120032', '402888ac547fe10501548001be3a0001');
INSERT INTO "KNOW_ALONE_AUTH_POSTACTION" VALUES ('402888ac547fe10501548001e39b0010', '402888a84f970dad014f971545c3000a', '402888ac547fe10501548001be3a0001');
INSERT INTO "KNOW_ALONE_AUTH_POSTACTION" VALUES ('402888ac547fe10501548001e39b0011', '402888a850472ac50150472e2d14000a', '402888ac547fe10501548001be3a0001');
INSERT INTO "KNOW_ALONE_AUTH_POSTACTION" VALUES ('402888ac547fe10501548001e39b0012', '402888a8509d16e201509d1a934d000a', '402888ac547fe10501548001be3a0001');
INSERT INTO "KNOW_ALONE_AUTH_POSTACTION" VALUES ('402888ac547fe10501548001e39b0013', '402888a850bcceeb0150bcd86c2e000a', '402888ac547fe10501548001be3a0001');

-- ----------------------------
-- Table structure for KNOW_ALONE_AUTH_USER
-- ----------------------------
DROP TABLE "KNOW_ALONE_AUTH_USER";
CREATE TABLE "KNOW_ALONE_AUTH_USER" (
"ID" NVARCHAR2(32) NOT NULL ,
"NAME" NVARCHAR2(64) NOT NULL ,
"PASSWORD" NVARCHAR2(32) NOT NULL ,
"COMMENTS" NVARCHAR2(128) NULL ,
"TYPE" NCHAR(1) NULL ,
"CTIME" NVARCHAR2(14) NOT NULL ,
"UTIME" NVARCHAR2(14) NOT NULL ,
"CUSER" NVARCHAR2(32) NOT NULL ,
"MUSER" NVARCHAR2(32) NOT NULL ,
"STATE" NCHAR(1) NOT NULL ,
"LOGINNAME" NVARCHAR2(64) NOT NULL ,
"LOGINTIME" NVARCHAR2(14) NULL ,
"IMGID" NVARCHAR2(32) NULL 
)
LOGGING
NOCOMPRESS
NOCACHE

;
COMMENT ON TABLE "KNOW_ALONE_AUTH_USER" IS 'InnoDB free: 12288 kB alone_user';
COMMENT ON COLUMN "KNOW_ALONE_AUTH_USER"."PASSWORD" IS 'MD5(password+loginname)';
COMMENT ON COLUMN "KNOW_ALONE_AUTH_USER"."TYPE" IS '1:系统用户:2其他3超级用户';

-- ----------------------------
-- Records of KNOW_ALONE_AUTH_USER
-- ----------------------------
INSERT INTO "KNOW_ALONE_AUTH_USER" VALUES ('40288b854a329988014a329a12f30002', '系统管理员', '45A6964B87BEC90B5B6C6414FAF397A7', null, '3', '20141210130925', '20151019195604', 'userId', '40288b854a329988014a329a12f30002', '1', 'sysadmin', '20160718113117', '402888ac5073d0dc01507468856d00c2');

-- ----------------------------
-- Table structure for KNOW_ALONE_AUTH_USERORG
-- ----------------------------
DROP TABLE "KNOW_ALONE_AUTH_USERORG";
CREATE TABLE "KNOW_ALONE_AUTH_USERORG" (
"ID" NVARCHAR2(32) NOT NULL ,
"USERID" NVARCHAR2(32) NOT NULL ,
"ORGANIZATIONID" NVARCHAR2(32) NOT NULL 
)
LOGGING
NOCOMPRESS
NOCACHE

;
COMMENT ON TABLE "KNOW_ALONE_AUTH_USERORG" IS 'InnoDB free: 12288 kB; (`organizationid`) REFER `alone/alone';

-- ----------------------------
-- Records of KNOW_ALONE_AUTH_USERORG
-- ----------------------------

-- ----------------------------
-- Table structure for KNOW_ALONE_AUTH_USERPOST
-- ----------------------------
DROP TABLE "KNOW_ALONE_AUTH_USERPOST";
CREATE TABLE "KNOW_ALONE_AUTH_USERPOST" (
"ID" NVARCHAR2(32) NOT NULL ,
"USERID" NVARCHAR2(32) NOT NULL ,
"POSTID" NVARCHAR2(32) NOT NULL 
)
LOGGING
NOCOMPRESS
NOCACHE

;

-- ----------------------------
-- Records of KNOW_ALONE_AUTH_USERPOST
-- ----------------------------

-- ----------------------------
-- Table structure for KNOW_ALONE_DICTIONARY_ENTITY
-- ----------------------------
DROP TABLE "KNOW_ALONE_DICTIONARY_ENTITY";
CREATE TABLE "KNOW_ALONE_DICTIONARY_ENTITY" (
"ID" NVARCHAR2(32) NOT NULL ,
"CTIME" NVARCHAR2(12) NOT NULL ,
"UTIME" NVARCHAR2(12) NOT NULL ,
"CUSER" NVARCHAR2(32) NOT NULL ,
"MUSER" NVARCHAR2(32) NOT NULL ,
"STATE" NCHAR(1) NOT NULL ,
"NAME" NVARCHAR2(128) NOT NULL ,
"ENTITYINDEX" NVARCHAR2(128) NOT NULL ,
"COMMENTS" NVARCHAR2(128) NULL ,
"TYPE" NCHAR(1) NOT NULL 
)
LOGGING
NOCOMPRESS
NOCACHE

;
COMMENT ON TABLE "KNOW_ALONE_DICTIONARY_ENTITY" IS 'InnoDB free: 12288 kB';

-- ----------------------------
-- Records of KNOW_ALONE_DICTIONARY_ENTITY
-- ----------------------------
INSERT INTO "KNOW_ALONE_DICTIONARY_ENTITY" VALUES ('402888a855ce21490155ce3ebb7f0000', '201607091401', '201607091401', '40288b854a329988014a329a12f30002', '40288b854a329988014a329a12f30002', '1', '个人简历-期望工作性质', 'RESUME_WORKNATURE', '{全职:1, 兼职:2, 实习:3}', '1');
INSERT INTO "KNOW_ALONE_DICTIONARY_ENTITY" VALUES ('402888a855ce21490155ce402ec90001', '201607091402', '201607091402', '40288b854a329988014a329a12f30002', '40288b854a329988014a329a12f30002', '1', '个人简历-期望从事职业', 'RESUME_WORKOCCUPATION', '{开发:1, 测试:2, 项目经理:4}', '1');
INSERT INTO "KNOW_ALONE_DICTIONARY_ENTITY" VALUES ('402888a855ce21490155ce4062ef0002', '201607091402', '201607091402', '40288b854a329988014a329a12f30002', '40288b854a329988014a329a12f30002', '1', '个人简历-期望从事行业', 'RESUME_WORKINDUSTRY', '{金融业:1, IT|通信|电子|互联网:2, 政府|非盈利机构:3, 交通|运输|物流|仓储:4, 其它:99}', '1');
INSERT INTO "KNOW_ALONE_DICTIONARY_ENTITY" VALUES ('402888a855ce21490155ce409db00003', '201607091403', '201607091403', '40288b854a329988014a329a12f30002', '40288b854a329988014a329a12f30002', '1', '个人简历-工作状态', 'RESUME_WORKSTAT', '{在职:1, 离职:2}', '1');
INSERT INTO "KNOW_ALONE_DICTIONARY_ENTITY" VALUES ('402888ac55c54f310155c557c10f0000', '201607072031', '201607072031', '40288b854a329988014a329a12f30002', '40288b854a329988014a329a12f30002', '1', '个人简历-性别', 'RESUME_SEX', '{男:1, 女:2}', '1');
INSERT INTO "KNOW_ALONE_DICTIONARY_ENTITY" VALUES ('402888ac55c9abb00155c9b11a730000', '201607081647', '201607081647', '40288b854a329988014a329a12f30002', '40288b854a329988014a329a12f30002', '1', '个人简历-婚姻状况', 'RESUME_MARRIAGESTA', '{未婚:1, 已婚:2, 离异:3}', '1');
INSERT INTO "KNOW_ALONE_DICTIONARY_ENTITY" VALUES ('402888ac55c9abb00155c9b1a65e0001', '201607081648', '201607081648', '40288b854a329988014a329a12f30002', '40288b854a329988014a329a12f30002', '1', '个人简历-海外工作/学习经历', 'RESUME_STUDYABROAD', '{有:1, 无:2}', '1');
INSERT INTO "KNOW_ALONE_DICTIONARY_ENTITY" VALUES ('402888ac55c9abb00155c9b1d83e0002', '201607081648', '201607081648', '40288b854a329988014a329a12f30002', '40288b854a329988014a329a12f30002', '1', '个人简历-政治面貌', 'RESUME_ZZMM', '{中共党员(含预备党员):1, 团员:2, 群众:3, 民主党派:4, 无党派人士:5}', '1');
INSERT INTO "KNOW_ALONE_DICTIONARY_ENTITY" VALUES ('402888ac55c9abb00155c9ba602a000d', '201607081658', '201607081658', '40288b854a329988014a329a12f30002', '40288b854a329988014a329a12f30002', '1', '个人简历-国籍', 'RESUME_NATIONALITY', '{中国:1, 其它:99}', '1');
INSERT INTO "KNOW_ALONE_DICTIONARY_ENTITY" VALUES ('402888ac55c9abb00155c9bec52b0011', '201607081702', '201607081702', '40288b854a329988014a329a12f30002', '40288b854a329988014a329a12f30002', '1', '个人简历-证件类型', 'RESUME_OTHERTYPE', '{驾照:1, 其它:99}', '1');
INSERT INTO "KNOW_ALONE_DICTIONARY_ENTITY" VALUES ('402888ac55cd984d0155cdad81b30000', '201607091122', '201607091122', '40288b854a329988014a329a12f30002', '40288b854a329988014a329a12f30002', '1', '个人简历-学历', 'RESUME_DEGREE', '{初中:4, 高中:8, 大专:12, 本科:16, 研究生:5, 博士生:20}', '1');
INSERT INTO "KNOW_ALONE_DICTIONARY_ENTITY" VALUES ('402888ac55cd984d0155cdadd46f0001', '201607091122', '201607091122', '40288b854a329988014a329a12f30002', '40288b854a329988014a329a12f30002', '1', '个人简历-是否统招', 'RESUME_UNITARYIS', '{是:1, 否:2}', '1');
INSERT INTO "KNOW_ALONE_DICTIONARY_ENTITY" VALUES ('402888ac55ce66e90155ce7702aa0000', '201607091502', '201607091502', '40288b854a329988014a329a12f30002', '40288b854a329988014a329a12f30002', '1', '个人简历-行业类别', 'RESUME_TYPE', '{IT:1, 房地产/建筑/建材/工程:2, 耐用消费品（服饰/纺织/皮革/家具/家电）:3, 医药/生物工程:4, 广告/会展/公关:5, 其它:99}', '1');
INSERT INTO "KNOW_ALONE_DICTIONARY_ENTITY" VALUES ('402888ac55ce66e90155ce7736ed0001', '201607091502', '201607091502', '40288b854a329988014a329a12f30002', '40288b854a329988014a329a12f30002', '1', '个人简历-企业性质', 'RESUME_EPROPERTY', '{国企|央企:1, 私企:2, 外企:3, 其它:99}', '1');
INSERT INTO "KNOW_ALONE_DICTIONARY_ENTITY" VALUES ('402888ac55ce66e90155ce7761670002', '201607091502', '201607091502', '40288b854a329988014a329a12f30002', '40288b854a329988014a329a12f30002', '1', '个人简历-企业规模', 'RESUME_ESCALE', '{20人以下:1, 20~100:2, 100~500:3, 500~1000:4, 1000~5000:5, 5000~10000:6, 10000人以上:7}', '1');
INSERT INTO "KNOW_ALONE_DICTIONARY_ENTITY" VALUES ('402888ac55ce66e90155ce77871a0003', '201607091503', '201607091503', '40288b854a329988014a329a12f30002', '40288b854a329988014a329a12f30002', '1', '个人简历-职位月薪(税前)', 'RESUME_SALARY', '{1000以下:1, 2000~3000:2, 3000~4000:3, 4000~5000:4, 5000~7000:5, 7000~9000:7, 10000~15000:10, 15000~以上...', '1');
INSERT INTO "KNOW_ALONE_DICTIONARY_ENTITY" VALUES ('402888ac55d3b5ef0155d3baf3ac0000', '201607101534', '201607101534', '40288b854a329988014a329a12f30002', '40288b854a329988014a329a12f30002', '1', '个人简历-与本人关系', 'RESUME_RELATIONTYPE', '{父母:1, 兄弟姐妹:2, 子女:3, 其他:99}', '1');
INSERT INTO "KNOW_ALONE_DICTIONARY_ENTITY" VALUES ('402894ca49600f600149602141820000', '201410301617', '201410301617', '12312323123123', '12312323123123', '1', '系统菜单域', 'ALONE_MENU_DOMAIN', '{前台:HOME}', '1');
INSERT INTO "KNOW_ALONE_DICTIONARY_ENTITY" VALUES ('402894ca4add11f6014add1ad9cd000e', '201501121545', '201501121545', '40288b854a329988014a329a12f30002', '40288b854a329988014a329a12f30002', '1', '计划任务标签', 'PLAN_TAGS', '{日程:日程, 错误修复:错误修复}', '1');

-- ----------------------------
-- Table structure for KNOW_ALONE_DICTIONARY_TYPE
-- ----------------------------
DROP TABLE "KNOW_ALONE_DICTIONARY_TYPE";
CREATE TABLE "KNOW_ALONE_DICTIONARY_TYPE" (
"CTIME" NVARCHAR2(12) NOT NULL ,
"UTIME" NVARCHAR2(12) NOT NULL ,
"CUSER" NVARCHAR2(32) NOT NULL ,
"MUSER" NVARCHAR2(32) NOT NULL ,
"STATE" NCHAR(1) NOT NULL ,
"NAME" NVARCHAR2(128) NOT NULL ,
"COMMENTS" NVARCHAR2(128) NULL ,
"ENTITYTYPE" NVARCHAR2(128) NOT NULL ,
"ENTITY" NVARCHAR2(32) NOT NULL ,
"ID" NVARCHAR2(32) NOT NULL ,
"SORT" NUMBER(11) NOT NULL ,
"PARENTID" NVARCHAR2(32) NULL ,
"TREECODE" NVARCHAR2(256) NULL 
)
LOGGING
NOCOMPRESS
NOCACHE

;
COMMENT ON TABLE "KNOW_ALONE_DICTIONARY_TYPE" IS 'InnoDB free: 12288 kB KNOW_ALONE_DICTIONARY_TYPE';

-- ----------------------------
-- Records of KNOW_ALONE_DICTIONARY_TYPE
-- ----------------------------
INSERT INTO "KNOW_ALONE_DICTIONARY_TYPE" VALUES ('201607091510', '201607091510', '40288b854a329988014a329a12f30002', '40288b854a329988014a329a12f30002', '1', '20人以下', null, '1', '402888ac55ce66e90155ce7761670002', '402888ac55ce66e90155ce7e0d600016', '1', 'NONE', '402888ac55ce66e90155ce7e0d600016');
INSERT INTO "KNOW_ALONE_DICTIONARY_TYPE" VALUES ('201607091510', '201607091510', '40288b854a329988014a329a12f30002', '40288b854a329988014a329a12f30002', '1', '20~100', null, '2', '402888ac55ce66e90155ce7761670002', '402888ac55ce66e90155ce7e86560017', '2', 'NONE', '402888ac55ce66e90155ce7e86560017');
INSERT INTO "KNOW_ALONE_DICTIONARY_TYPE" VALUES ('201607091510', '201607091510', '40288b854a329988014a329a12f30002', '40288b854a329988014a329a12f30002', '1', '100~500', null, '3', '402888ac55ce66e90155ce7761670002', '402888ac55ce66e90155ce7eab010018', '3', 'NONE', '402888ac55ce66e90155ce7eab010018');
INSERT INTO "KNOW_ALONE_DICTIONARY_TYPE" VALUES ('201607091511', '201607091511', '40288b854a329988014a329a12f30002', '40288b854a329988014a329a12f30002', '1', '500~1000', null, '4', '402888ac55ce66e90155ce7761670002', '402888ac55ce66e90155ce7ed1820019', '4', 'NONE', '402888ac55ce66e90155ce7ed1820019');
INSERT INTO "KNOW_ALONE_DICTIONARY_TYPE" VALUES ('201607091511', '201607091511', '40288b854a329988014a329a12f30002', '40288b854a329988014a329a12f30002', '1', '1000~5000', null, '5', '402888ac55ce66e90155ce7761670002', '402888ac55ce66e90155ce7f12b3001a', '5', 'NONE', '402888ac55ce66e90155ce7f12b3001a');
INSERT INTO "KNOW_ALONE_DICTIONARY_TYPE" VALUES ('201607091511', '201607091511', '40288b854a329988014a329a12f30002', '40288b854a329988014a329a12f30002', '1', '5000~10000', null, '6', '402888ac55ce66e90155ce7761670002', '402888ac55ce66e90155ce7f3891001b', '6', 'NONE', '402888ac55ce66e90155ce7f3891001b');
INSERT INTO "KNOW_ALONE_DICTIONARY_TYPE" VALUES ('201607091511', '201607091511', '40288b854a329988014a329a12f30002', '40288b854a329988014a329a12f30002', '1', '10000人以上', null, '7', '402888ac55ce66e90155ce7761670002', '402888ac55ce66e90155ce7f6e2d001c', '7', 'NONE', '402888ac55ce66e90155ce7f6e2d001c');
INSERT INTO "KNOW_ALONE_DICTIONARY_TYPE" VALUES ('201607101535', '201607101535', '40288b854a329988014a329a12f30002', '40288b854a329988014a329a12f30002', '1', '父母', null, '1', '402888ac55d3b5ef0155d3baf3ac0000', '402888ac55d3b5ef0155d3bb31b20001', '1', 'NONE', '402888ac55d3b5ef0155d3bb31b20001');
INSERT INTO "KNOW_ALONE_DICTIONARY_TYPE" VALUES ('201607101535', '201607101535', '40288b854a329988014a329a12f30002', '40288b854a329988014a329a12f30002', '1', '兄弟姐妹', null, '2', '402888ac55d3b5ef0155d3baf3ac0000', '402888ac55d3b5ef0155d3bb6ad90002', '2', 'NONE', '402888ac55d3b5ef0155d3bb6ad90002');
INSERT INTO "KNOW_ALONE_DICTIONARY_TYPE" VALUES ('201607101535', '201607101535', '40288b854a329988014a329a12f30002', '40288b854a329988014a329a12f30002', '1', '子女', null, '3', '402888ac55d3b5ef0155d3baf3ac0000', '402888ac55d3b5ef0155d3bb9db50003', '3', 'NONE', '402888ac55d3b5ef0155d3bb9db50003');
INSERT INTO "KNOW_ALONE_DICTIONARY_TYPE" VALUES ('201607101535', '201607101535', '40288b854a329988014a329a12f30002', '系统管理员', '1', '其他', null, '99', '402888ac55d3b5ef0155d3baf3ac0000', '402888ac55d3b5ef0155d3bbb90d0004', '99', 'NONE', '402888ac55d3b5ef0155d3bbb90d0004');
INSERT INTO "KNOW_ALONE_DICTIONARY_TYPE" VALUES ('201607111614', '201607111614', '40288b854a329988014a329a12f30002', '40288b854a329988014a329a12f30002', '1', '研究生', null, '5', '402888ac55cd984d0155cdad81b30000', '402888ac55d8bcbe0155d90576510002', '5', 'NONE', '402888ac55d8bcbe0155d90576510002');
INSERT INTO "KNOW_ALONE_DICTIONARY_TYPE" VALUES ('201607111614', '201607111614', '40288b854a329988014a329a12f30002', '40288b854a329988014a329a12f30002', '1', '博士生', null, '20', '402888ac55cd984d0155cdad81b30000', '402888ac55d8bcbe0155d905cfb50003', '20', 'NONE', '402888ac55d8bcbe0155d905cfb50003');
INSERT INTO "KNOW_ALONE_DICTIONARY_TYPE" VALUES ('201410301617', '201410301617', '12312323123123', '12312323123123', '1', '前台', null, 'HOME', '402894ca49600f600149602141820000', '402894ca49600f6001496021a7020001', '1', 'NONE', '402894ca49600f6001496021a7020001');
INSERT INTO "KNOW_ALONE_DICTIONARY_TYPE" VALUES ('201501121545', '201501121545', '40288b854a329988014a329a12f30002', '40288b854a329988014a329a12f30002', '1', '日程', null, '日程', '402894ca4add11f6014add1ad9cd000e', '402894ca4add11f6014add1b1c25000f', '1', 'NONE', '402894ca4add11f6014add1b1c25000f');
INSERT INTO "KNOW_ALONE_DICTIONARY_TYPE" VALUES ('201501121545', '201501121545', '40288b854a329988014a329a12f30002', '40288b854a329988014a329a12f30002', '1', '错误修复', null, '错误修复', '402894ca4add11f6014add1ad9cd000e', '402894ca4add11f6014add1b42c80010', '2', 'NONE', '402894ca4add11f6014add1b42c80010');
INSERT INTO "KNOW_ALONE_DICTIONARY_TYPE" VALUES ('201607091404', '201607091404', '40288b854a329988014a329a12f30002', '40288b854a329988014a329a12f30002', '1', '在职', null, '1', '402888a855ce21490155ce409db00003', '402888a855ce21490155ce41a7670004', '1', 'NONE', '402888a855ce21490155ce41a7670004');
INSERT INTO "KNOW_ALONE_DICTIONARY_TYPE" VALUES ('201607091404', '201607091404', '40288b854a329988014a329a12f30002', '40288b854a329988014a329a12f30002', '1', '离职', null, '2', '402888a855ce21490155ce409db00003', '402888a855ce21490155ce41c5150005', '2', 'NONE', '402888a855ce21490155ce41c5150005');
INSERT INTO "KNOW_ALONE_DICTIONARY_TYPE" VALUES ('201607091404', '201607091408', '40288b854a329988014a329a12f30002', '系统管理员', '1', '全职', null, '1', '402888a855ce21490155ce3ebb7f0000', '402888a855ce21490155ce423ae50006', '1', 'NONE', '402888a855ce21490155ce423ae50006');
INSERT INTO "KNOW_ALONE_DICTIONARY_TYPE" VALUES ('201607091405', '201607091408', '40288b854a329988014a329a12f30002', '系统管理员', '1', '兼职', null, '2', '402888a855ce21490155ce3ebb7f0000', '402888a855ce21490155ce425f100007', '2', 'NONE', '402888a855ce21490155ce425f100007');
INSERT INTO "KNOW_ALONE_DICTIONARY_TYPE" VALUES ('201607091405', '201607091408', '40288b854a329988014a329a12f30002', '系统管理员', '1', '实习', null, '3', '402888a855ce21490155ce3ebb7f0000', '402888a855ce21490155ce4289370008', '3', 'NONE', '402888a855ce21490155ce4289370008');
INSERT INTO "KNOW_ALONE_DICTIONARY_TYPE" VALUES ('201607091406', '201607091406', '40288b854a329988014a329a12f30002', '40288b854a329988014a329a12f30002', '1', '金融业', null, '1', '402888a855ce21490155ce4062ef0002', '402888a855ce21490155ce4386860009', '1', 'NONE', '402888a855ce21490155ce4386860009');
INSERT INTO "KNOW_ALONE_DICTIONARY_TYPE" VALUES ('201607091406', '201607091407', '40288b854a329988014a329a12f30002', '系统管理员', '1', 'IT|通信|电子|互联网', null, '2', '402888a855ce21490155ce4062ef0002', '402888a855ce21490155ce43be05000a', '2', 'NONE', '402888a855ce21490155ce43be05000a');
INSERT INTO "KNOW_ALONE_DICTIONARY_TYPE" VALUES ('201607091406', '201607091406', '40288b854a329988014a329a12f30002', '系统管理员', '1', '政府|非盈利机构', null, '3', '402888a855ce21490155ce4062ef0002', '402888a855ce21490155ce43f6e6000b', '3', 'NONE', '402888a855ce21490155ce43f6e6000b');
INSERT INTO "KNOW_ALONE_DICTIONARY_TYPE" VALUES ('201607091407', '201607091407', '40288b854a329988014a329a12f30002', '40288b854a329988014a329a12f30002', '1', '交通|运输|物流|仓储', null, '4', '402888a855ce21490155ce4062ef0002', '402888a855ce21490155ce447d79000c', '4', 'NONE', '402888a855ce21490155ce447d79000c');
INSERT INTO "KNOW_ALONE_DICTIONARY_TYPE" VALUES ('201607091407', '201607091407', '40288b854a329988014a329a12f30002', '40288b854a329988014a329a12f30002', '1', '其它', null, '99', '402888a855ce21490155ce4062ef0002', '402888a855ce21490155ce44faac000d', '99', 'NONE', '402888a855ce21490155ce44faac000d');
INSERT INTO "KNOW_ALONE_DICTIONARY_TYPE" VALUES ('201607091409', '201607091409', '40288b854a329988014a329a12f30002', '40288b854a329988014a329a12f30002', '1', '开发', null, '1', '402888a855ce21490155ce402ec90001', '402888a855ce21490155ce4655fa000e', '1', 'NONE', '402888a855ce21490155ce4655fa000e');
INSERT INTO "KNOW_ALONE_DICTIONARY_TYPE" VALUES ('201607091409', '201607091409', '40288b854a329988014a329a12f30002', '系统管理员', '1', '测试', null, '2', '402888a855ce21490155ce402ec90001', '402888a855ce21490155ce466939000f', '2', 'NONE', '402888a855ce21490155ce466939000f');
INSERT INTO "KNOW_ALONE_DICTIONARY_TYPE" VALUES ('201607091409', '201607091409', '40288b854a329988014a329a12f30002', '系统管理员', '1', '项目经理', null, '4', '402888a855ce21490155ce402ec90001', '402888a855ce21490155ce4685650010', '4', 'NONE', '402888a855ce21490155ce4685650010');
INSERT INTO "KNOW_ALONE_DICTIONARY_TYPE" VALUES ('201607072032', '201607072032', '40288b854a329988014a329a12f30002', '40288b854a329988014a329a12f30002', '1', '男', null, '1', '402888ac55c54f310155c557c10f0000', '402888ac55c54f310155c5581bc10001', '1', 'NONE', '402888ac55c54f310155c5581bc10001');
INSERT INTO "KNOW_ALONE_DICTIONARY_TYPE" VALUES ('201607072032', '201607072032', '40288b854a329988014a329a12f30002', '40288b854a329988014a329a12f30002', '1', '女', null, '2', '402888ac55c54f310155c557c10f0000', '402888ac55c54f310155c55840860002', '2', 'NONE', '402888ac55c54f310155c55840860002');
INSERT INTO "KNOW_ALONE_DICTIONARY_TYPE" VALUES ('201607081649', '201607081649', '40288b854a329988014a329a12f30002', '40288b854a329988014a329a12f30002', '1', '有', null, '1', '402888ac55c9abb00155c9b1a65e0001', '402888ac55c9abb00155c9b224aa0003', '1', 'NONE', '402888ac55c9abb00155c9b224aa0003');
INSERT INTO "KNOW_ALONE_DICTIONARY_TYPE" VALUES ('201607081649', '201607081649', '40288b854a329988014a329a12f30002', '40288b854a329988014a329a12f30002', '1', '无', null, '2', '402888ac55c9abb00155c9b1a65e0001', '402888ac55c9abb00155c9b24e9b0004', '2', 'NONE', '402888ac55c9abb00155c9b24e9b0004');
INSERT INTO "KNOW_ALONE_DICTIONARY_TYPE" VALUES ('201607081649', '201607081649', '40288b854a329988014a329a12f30002', '40288b854a329988014a329a12f30002', '1', '中共党员(含预备党员)', null, '1', '402888ac55c9abb00155c9b1d83e0002', '402888ac55c9abb00155c9b2a65c0005', '1', 'NONE', '402888ac55c9abb00155c9b2a65c0005');
INSERT INTO "KNOW_ALONE_DICTIONARY_TYPE" VALUES ('201607081649', '201607081649', '40288b854a329988014a329a12f30002', '40288b854a329988014a329a12f30002', '1', '团员', null, '2', '402888ac55c9abb00155c9b1d83e0002', '402888ac55c9abb00155c9b2cb7a0006', '2', 'NONE', '402888ac55c9abb00155c9b2cb7a0006');
INSERT INTO "KNOW_ALONE_DICTIONARY_TYPE" VALUES ('201607081649', '201607081649', '40288b854a329988014a329a12f30002', '40288b854a329988014a329a12f30002', '1', '群众', null, '3', '402888ac55c9abb00155c9b1d83e0002', '402888ac55c9abb00155c9b2ea760007', '3', 'NONE', '402888ac55c9abb00155c9b2ea760007');
INSERT INTO "KNOW_ALONE_DICTIONARY_TYPE" VALUES ('201607081650', '201607081650', '40288b854a329988014a329a12f30002', '40288b854a329988014a329a12f30002', '1', '民主党派', null, '4', '402888ac55c9abb00155c9b1d83e0002', '402888ac55c9abb00155c9b308cb0008', '4', 'NONE', '402888ac55c9abb00155c9b308cb0008');
INSERT INTO "KNOW_ALONE_DICTIONARY_TYPE" VALUES ('201607081650', '201607081650', '40288b854a329988014a329a12f30002', '40288b854a329988014a329a12f30002', '1', '无党派人士', null, '5', '402888ac55c9abb00155c9b1d83e0002', '402888ac55c9abb00155c9b31ee50009', '5', 'NONE', '402888ac55c9abb00155c9b31ee50009');
INSERT INTO "KNOW_ALONE_DICTIONARY_TYPE" VALUES ('201607081650', '201607081650', '40288b854a329988014a329a12f30002', '40288b854a329988014a329a12f30002', '1', '未婚', null, '1', '402888ac55c9abb00155c9b11a730000', '402888ac55c9abb00155c9b3727c000a', '1', 'NONE', '402888ac55c9abb00155c9b3727c000a');
INSERT INTO "KNOW_ALONE_DICTIONARY_TYPE" VALUES ('201607081650', '201607081650', '40288b854a329988014a329a12f30002', '40288b854a329988014a329a12f30002', '1', '已婚', null, '2', '402888ac55c9abb00155c9b11a730000', '402888ac55c9abb00155c9b38991000b', '2', 'NONE', '402888ac55c9abb00155c9b38991000b');
INSERT INTO "KNOW_ALONE_DICTIONARY_TYPE" VALUES ('201607081650', '201607081650', '40288b854a329988014a329a12f30002', '40288b854a329988014a329a12f30002', '1', '离异', null, '3', '402888ac55c9abb00155c9b11a730000', '402888ac55c9abb00155c9b39d1e000c', '3', 'NONE', '402888ac55c9abb00155c9b39d1e000c');
INSERT INTO "KNOW_ALONE_DICTIONARY_TYPE" VALUES ('201607081658', '201607081658', '40288b854a329988014a329a12f30002', '40288b854a329988014a329a12f30002', '1', '中国', null, '1', '402888ac55c9abb00155c9ba602a000d', '402888ac55c9abb00155c9bb2246000e', '1', 'NONE', '402888ac55c9abb00155c9bb2246000e');
INSERT INTO "KNOW_ALONE_DICTIONARY_TYPE" VALUES ('201607081659', '201607081659', '40288b854a329988014a329a12f30002', '40288b854a329988014a329a12f30002', '1', '其它', null, '99', '402888ac55c9abb00155c9ba602a000d', '402888ac55c9abb00155c9bb5a380010', '99', 'NONE', '402888ac55c9abb00155c9bb5a380010');
INSERT INTO "KNOW_ALONE_DICTIONARY_TYPE" VALUES ('201607081703', '201607081703', '40288b854a329988014a329a12f30002', '40288b854a329988014a329a12f30002', '1', '驾照', null, '1', '402888ac55c9abb00155c9bec52b0011', '402888ac55c9abb00155c9bf2fe00012', '1', 'NONE', '402888ac55c9abb00155c9bf2fe00012');
INSERT INTO "KNOW_ALONE_DICTIONARY_TYPE" VALUES ('201607081703', '201607081703', '40288b854a329988014a329a12f30002', '40288b854a329988014a329a12f30002', '1', '其它', null, '99', '402888ac55c9abb00155c9bec52b0011', '402888ac55c9abb00155c9bf4c4d0013', '99', 'NONE', '402888ac55c9abb00155c9bf4c4d0013');
INSERT INTO "KNOW_ALONE_DICTIONARY_TYPE" VALUES ('201607091123', '201607111614', '40288b854a329988014a329a12f30002', '系统管理员', '1', '初中', null, '4', '402888ac55cd984d0155cdad81b30000', '402888ac55cd984d0155cdae2b170002', '4', 'NONE', '402888ac55cd984d0155cdae2b170002');
INSERT INTO "KNOW_ALONE_DICTIONARY_TYPE" VALUES ('201607091123', '201607111615', '40288b854a329988014a329a12f30002', '系统管理员', '1', '高中', null, '8', '402888ac55cd984d0155cdad81b30000', '402888ac55cd984d0155cdae47870003', '8', 'NONE', '402888ac55cd984d0155cdae47870003');
INSERT INTO "KNOW_ALONE_DICTIONARY_TYPE" VALUES ('201607091123', '201607111615', '40288b854a329988014a329a12f30002', '系统管理员', '1', '大专', null, '12', '402888ac55cd984d0155cdad81b30000', '402888ac55cd984d0155cdaece680004', '12', 'NONE', '402888ac55cd984d0155cdaece680004');
INSERT INTO "KNOW_ALONE_DICTIONARY_TYPE" VALUES ('201607091124', '201607111615', '40288b854a329988014a329a12f30002', '系统管理员', '1', '本科', null, '16', '402888ac55cd984d0155cdad81b30000', '402888ac55cd984d0155cdaee91f0005', '16', 'NONE', '402888ac55cd984d0155cdaee91f0005');
INSERT INTO "KNOW_ALONE_DICTIONARY_TYPE" VALUES ('201607091124', '201607091124', '40288b854a329988014a329a12f30002', '40288b854a329988014a329a12f30002', '1', '是', null, '1', '402888ac55cd984d0155cdadd46f0001', '402888ac55cd984d0155cdaf36510006', '1', 'NONE', '402888ac55cd984d0155cdaf36510006');
INSERT INTO "KNOW_ALONE_DICTIONARY_TYPE" VALUES ('201607091124', '201607091124', '40288b854a329988014a329a12f30002', '40288b854a329988014a329a12f30002', '1', '否', null, '2', '402888ac55cd984d0155cdadd46f0001', '402888ac55cd984d0155cdaf50df0007', '2', 'NONE', '402888ac55cd984d0155cdaf50df0007');
INSERT INTO "KNOW_ALONE_DICTIONARY_TYPE" VALUES ('201607091503', '201607091503', '40288b854a329988014a329a12f30002', '40288b854a329988014a329a12f30002', '1', '1000以下', null, '1', '402888ac55ce66e90155ce77871a0003', '402888ac55ce66e90155ce782f610004', '1', 'NONE', '402888ac55ce66e90155ce782f610004');
INSERT INTO "KNOW_ALONE_DICTIONARY_TYPE" VALUES ('201607091504', '201607091504', '40288b854a329988014a329a12f30002', '40288b854a329988014a329a12f30002', '1', '2000~3000', null, '2', '402888ac55ce66e90155ce77871a0003', '402888ac55ce66e90155ce785c810005', '2', 'NONE', '402888ac55ce66e90155ce785c810005');
INSERT INTO "KNOW_ALONE_DICTIONARY_TYPE" VALUES ('201607091504', '201607091504', '40288b854a329988014a329a12f30002', '40288b854a329988014a329a12f30002', '1', '3000~4000', null, '3', '402888ac55ce66e90155ce77871a0003', '402888ac55ce66e90155ce787e660006', '3', 'NONE', '402888ac55ce66e90155ce787e660006');
INSERT INTO "KNOW_ALONE_DICTIONARY_TYPE" VALUES ('201607091504', '201607091504', '40288b854a329988014a329a12f30002', '40288b854a329988014a329a12f30002', '1', '4000~5000', null, '4', '402888ac55ce66e90155ce77871a0003', '402888ac55ce66e90155ce78b94b0007', '4', 'NONE', '402888ac55ce66e90155ce78b94b0007');
INSERT INTO "KNOW_ALONE_DICTIONARY_TYPE" VALUES ('201607091504', '201607091504', '40288b854a329988014a329a12f30002', '40288b854a329988014a329a12f30002', '1', '5000~7000', null, '5', '402888ac55ce66e90155ce77871a0003', '402888ac55ce66e90155ce7901780008', '5', 'NONE', '402888ac55ce66e90155ce7901780008');
INSERT INTO "KNOW_ALONE_DICTIONARY_TYPE" VALUES ('201607091505', '201607091505', '40288b854a329988014a329a12f30002', '40288b854a329988014a329a12f30002', '1', '7000~9000', null, '7', '402888ac55ce66e90155ce77871a0003', '402888ac55ce66e90155ce799aaa0009', '7', 'NONE', '402888ac55ce66e90155ce799aaa0009');
INSERT INTO "KNOW_ALONE_DICTIONARY_TYPE" VALUES ('201607091505', '201607091505', '40288b854a329988014a329a12f30002', '40288b854a329988014a329a12f30002', '1', '10000~15000', null, '10', '402888ac55ce66e90155ce77871a0003', '402888ac55ce66e90155ce79cfb1000a', '10', 'NONE', '402888ac55ce66e90155ce79cfb1000a');
INSERT INTO "KNOW_ALONE_DICTIONARY_TYPE" VALUES ('201607091505', '201607091505', '40288b854a329988014a329a12f30002', '40288b854a329988014a329a12f30002', '1', '15000~以上', null, '15', '402888ac55ce66e90155ce77871a0003', '402888ac55ce66e90155ce7a22be000b', '15', 'NONE', '402888ac55ce66e90155ce7a22be000b');
INSERT INTO "KNOW_ALONE_DICTIONARY_TYPE" VALUES ('201607091506', '201607091506', '40288b854a329988014a329a12f30002', '40288b854a329988014a329a12f30002', '1', 'IT', null, '1', '402888ac55ce66e90155ce7702aa0000', '402888ac55ce66e90155ce7ae4ba000c', '1', 'NONE', '402888ac55ce66e90155ce7ae4ba000c');
INSERT INTO "KNOW_ALONE_DICTIONARY_TYPE" VALUES ('201607091507', '201607091507', '40288b854a329988014a329a12f30002', '40288b854a329988014a329a12f30002', '1', '房地产/建筑/建材/工程', null, '2', '402888ac55ce66e90155ce7702aa0000', '402888ac55ce66e90155ce7b2db1000d', '2', 'NONE', '402888ac55ce66e90155ce7b2db1000d');
INSERT INTO "KNOW_ALONE_DICTIONARY_TYPE" VALUES ('201607091507', '201607091507', '40288b854a329988014a329a12f30002', '40288b854a329988014a329a12f30002', '1', '耐用消费品（服饰/纺织/皮革/家具/家电）', null, '3', '402888ac55ce66e90155ce7702aa0000', '402888ac55ce66e90155ce7ba0c2000e', '3', 'NONE', '402888ac55ce66e90155ce7ba0c2000e');
INSERT INTO "KNOW_ALONE_DICTIONARY_TYPE" VALUES ('201607091507', '201607091507', '40288b854a329988014a329a12f30002', '40288b854a329988014a329a12f30002', '1', '医药/生物工程', null, '4', '402888ac55ce66e90155ce7702aa0000', '402888ac55ce66e90155ce7bcbb7000f', '4', 'NONE', '402888ac55ce66e90155ce7bcbb7000f');
INSERT INTO "KNOW_ALONE_DICTIONARY_TYPE" VALUES ('201607091508', '201607091508', '40288b854a329988014a329a12f30002', '40288b854a329988014a329a12f30002', '1', '广告/会展/公关', null, '5', '402888ac55ce66e90155ce7702aa0000', '402888ac55ce66e90155ce7c03ac0010', '5', 'NONE', '402888ac55ce66e90155ce7c03ac0010');
INSERT INTO "KNOW_ALONE_DICTIONARY_TYPE" VALUES ('201607091508', '201607091508', '40288b854a329988014a329a12f30002', '40288b854a329988014a329a12f30002', '1', '其它', null, '99', '402888ac55ce66e90155ce7702aa0000', '402888ac55ce66e90155ce7c2b450011', '99', 'NONE', '402888ac55ce66e90155ce7c2b450011');
INSERT INTO "KNOW_ALONE_DICTIONARY_TYPE" VALUES ('201607091508', '201607091509', '40288b854a329988014a329a12f30002', '系统管理员', '1', '国企|央企', null, '1', '402888ac55ce66e90155ce7736ed0001', '402888ac55ce66e90155ce7cd0df0012', '1', 'NONE', '402888ac55ce66e90155ce7cd0df0012');
INSERT INTO "KNOW_ALONE_DICTIONARY_TYPE" VALUES ('201607091509', '201607091509', '40288b854a329988014a329a12f30002', '40288b854a329988014a329a12f30002', '1', '私企', null, '2', '402888ac55ce66e90155ce7736ed0001', '402888ac55ce66e90155ce7cedec0013', '2', 'NONE', '402888ac55ce66e90155ce7cedec0013');
INSERT INTO "KNOW_ALONE_DICTIONARY_TYPE" VALUES ('201607091509', '201607091509', '40288b854a329988014a329a12f30002', '40288b854a329988014a329a12f30002', '1', '外企', null, '3', '402888ac55ce66e90155ce7736ed0001', '402888ac55ce66e90155ce7d0cb70014', '3', 'NONE', '402888ac55ce66e90155ce7d0cb70014');
INSERT INTO "KNOW_ALONE_DICTIONARY_TYPE" VALUES ('201607091509', '201607091509', '40288b854a329988014a329a12f30002', '40288b854a329988014a329a12f30002', '1', '其它', null, '99', '402888ac55ce66e90155ce7736ed0001', '402888ac55ce66e90155ce7d29d30015', '99', 'NONE', '402888ac55ce66e90155ce7d29d30015');

-- ----------------------------
-- Table structure for KNOW_ALONE_PARAMETER
-- ----------------------------
DROP TABLE "KNOW_ALONE_PARAMETER";
CREATE TABLE "KNOW_ALONE_PARAMETER" (
"ID" NVARCHAR2(32) NOT NULL ,
"CTIME" NVARCHAR2(12) NOT NULL ,
"UTIME" NVARCHAR2(12) NOT NULL ,
"CUSER" NVARCHAR2(32) NOT NULL ,
"MUSER" NVARCHAR2(32) NOT NULL ,
"NAME" NVARCHAR2(128) NOT NULL ,
"STATE" NCHAR(1) NOT NULL ,
"PKEY" NVARCHAR2(64) NOT NULL ,
"PVALUE" NCLOB NOT NULL ,
"RULES" NVARCHAR2(256) NULL ,
"DOMAIN" NVARCHAR2(64) NULL ,
"COMMENTS" NVARCHAR2(256) NULL ,
"VTYPE" NCHAR(1) NOT NULL ,
"USERABLE" NVARCHAR2(1) NOT NULL 
)
LOGGING
NOCOMPRESS
NOCACHE

;
COMMENT ON TABLE "KNOW_ALONE_PARAMETER" IS 'InnoDB free: 12288 kB; InnoDB free: 12288 kB KNOW_ALONE_PARAMETER';
COMMENT ON COLUMN "KNOW_ALONE_PARAMETER"."VTYPE" IS ' 文本：1 枚举：2';
COMMENT ON COLUMN "KNOW_ALONE_PARAMETER"."USERABLE" IS '0否，1是';

-- ----------------------------
-- Records of KNOW_ALONE_PARAMETER
-- ----------------------------

-- ----------------------------
-- Table structure for KNOW_ALONE_PARAMETER_LOCAL
-- ----------------------------
DROP TABLE "KNOW_ALONE_PARAMETER_LOCAL";
CREATE TABLE "KNOW_ALONE_PARAMETER_LOCAL" (
"ID" NVARCHAR2(32) NOT NULL ,
"PARAMETERID" NVARCHAR2(32) NOT NULL ,
"EUSER" NVARCHAR2(32) NOT NULL ,
"PVALUE" NCLOB NOT NULL 
)
LOGGING
NOCOMPRESS
NOCACHE

;

-- ----------------------------
-- Records of KNOW_ALONE_PARAMETER_LOCAL
-- ----------------------------

-- ----------------------------
-- Table structure for KNOW_FARM_DOC
-- ----------------------------
DROP TABLE "KNOW_FARM_DOC";
CREATE TABLE "KNOW_FARM_DOC" (
"TITLE" NVARCHAR2(256) NOT NULL ,
"DOCDESCRIBE" NVARCHAR2(256) NULL ,
"AUTHOR" NVARCHAR2(64) NULL ,
"PUBTIME" NVARCHAR2(14) NOT NULL ,
"DOMTYPE" NVARCHAR2(2) NOT NULL ,
"SHORTTITLE" NVARCHAR2(64) NULL ,
"TAGKEY" NCLOB NULL ,
"SOURCE" NVARCHAR2(256) NULL ,
"TOPLEVE" NUMBER(11) NULL ,
"IMGID" NVARCHAR2(32) NULL ,
"STATE" NVARCHAR2(2) NOT NULL ,
"ID" NVARCHAR2(32) NOT NULL ,
"CTIME" NVARCHAR2(16) NOT NULL ,
"ETIME" NVARCHAR2(16) NOT NULL ,
"CUSERNAME" NVARCHAR2(64) NOT NULL ,
"CUSER" NVARCHAR2(32) NOT NULL ,
"EUSERNAME" NVARCHAR2(64) NOT NULL ,
"EUSER" NVARCHAR2(32) NOT NULL ,
"PCONTENT" NVARCHAR2(128) NULL ,
"TEXTID" NVARCHAR2(32) NOT NULL ,
"WRITEPOP" NVARCHAR2(2) NOT NULL ,
"READPOP" NVARCHAR2(2) NOT NULL ,
"RUNINFOID" NVARCHAR2(32) NOT NULL ,
"DOCGROUPID" NVARCHAR2(32) NULL ,
"CONTENT" NCLOB NULL ,
"ISTOP" NUMBER(11) NULL ,
"FARM_TOP_ID" NVARCHAR2(32) NULL 
)
LOGGING
NOCOMPRESS
NOCACHE

;
COMMENT ON COLUMN "KNOW_FARM_DOC"."DOMTYPE" IS '1.HTML文档，2.txt，3html站点';
COMMENT ON COLUMN "KNOW_FARM_DOC"."STATE" IS '1开放、0禁用、2待审核';
COMMENT ON COLUMN "KNOW_FARM_DOC"."WRITEPOP" IS '1公开、0本人、2小组、3禁止编辑';
COMMENT ON COLUMN "KNOW_FARM_DOC"."READPOP" IS '1公开、0本人、2小组、3禁用查看';
COMMENT ON COLUMN "KNOW_FARM_DOC"."ISTOP" IS '是否置顶 1 是 0 否';
COMMENT ON COLUMN "KNOW_FARM_DOC"."FARM_TOP_ID" IS '置顶id';

-- ----------------------------
-- Records of KNOW_FARM_DOC
-- ----------------------------

-- ----------------------------
-- Table structure for KNOW_FARM_DOC_AUDIT
-- ----------------------------
DROP TABLE "KNOW_FARM_DOC_AUDIT";
CREATE TABLE "KNOW_FARM_DOC_AUDIT" (
"CTIME" NVARCHAR2(16) NOT NULL ,
"ETIME" NVARCHAR2(16) NOT NULL ,
"CUSERNAME" NVARCHAR2(64) NOT NULL ,
"CUSER" NVARCHAR2(32) NOT NULL ,
"PSTATE" NVARCHAR2(2) NOT NULL ,
"PCONTENT" NVARCHAR2(128) NULL ,
"DOCID" NVARCHAR2(32) NOT NULL ,
"TEXTID" NVARCHAR2(32) NOT NULL ,
"ID" NVARCHAR2(32) NOT NULL 
)
LOGGING
NOCOMPRESS
NOCACHE

;
COMMENT ON COLUMN "KNOW_FARM_DOC_AUDIT"."PSTATE" IS '1待审核、2审核通过、3审核未通过、4废弃';

-- ----------------------------
-- Records of KNOW_FARM_DOC_AUDIT
-- ----------------------------

-- ----------------------------
-- Table structure for KNOW_FARM_DOCENJOY
-- ----------------------------
DROP TABLE "KNOW_FARM_DOCENJOY";
CREATE TABLE "KNOW_FARM_DOCENJOY" (
"ID" NVARCHAR2(32) NOT NULL ,
"DOCID" NVARCHAR2(32) NOT NULL ,
"USERID" NVARCHAR2(32) NOT NULL 
)
LOGGING
NOCOMPRESS
NOCACHE

;

-- ----------------------------
-- Records of KNOW_FARM_DOCENJOY
-- ----------------------------

-- ----------------------------
-- Table structure for KNOW_FARM_DOCFILE
-- ----------------------------
DROP TABLE "KNOW_FARM_DOCFILE";
CREATE TABLE "KNOW_FARM_DOCFILE" (
"DIR" NVARCHAR2(256) NOT NULL ,
"SERVERID" NVARCHAR2(32) NOT NULL ,
"TYPE" NVARCHAR2(2) NOT NULL ,
"NAME" NVARCHAR2(64) NOT NULL ,
"EXNAME" NVARCHAR2(16) NOT NULL ,
"LEN" NUMBER NOT NULL ,
"FILENAME" NVARCHAR2(64) NOT NULL ,
"ID" NVARCHAR2(32) NOT NULL ,
"CTIME" NVARCHAR2(16) NOT NULL ,
"ETIME" NVARCHAR2(16) NOT NULL ,
"CUSERNAME" NVARCHAR2(64) NOT NULL ,
"CUSER" NVARCHAR2(32) NOT NULL ,
"EUSERNAME" NVARCHAR2(64) NOT NULL ,
"EUSER" NVARCHAR2(32) NOT NULL ,
"PCONTENT" NVARCHAR2(128) NULL ,
"PSTATE" NVARCHAR2(2) NOT NULL 
)
LOGGING
NOCOMPRESS
NOCACHE

;
COMMENT ON COLUMN "KNOW_FARM_DOCFILE"."TYPE" IS '1图片';
COMMENT ON COLUMN "KNOW_FARM_DOCFILE"."PSTATE" IS '1正常、0临时';

-- ----------------------------
-- Records of KNOW_FARM_DOCFILE
-- ----------------------------

-- ----------------------------
-- Table structure for KNOW_FARM_DOCGROUP
-- ----------------------------
DROP TABLE "KNOW_FARM_DOCGROUP";
CREATE TABLE "KNOW_FARM_DOCGROUP" (
"ID" NVARCHAR2(32) NOT NULL ,
"CTIME" NVARCHAR2(16) NOT NULL ,
"ETIME" NVARCHAR2(16) NOT NULL ,
"CUSERNAME" NVARCHAR2(64) NOT NULL ,
"CUSER" NVARCHAR2(32) NOT NULL ,
"EUSERNAME" NVARCHAR2(64) NOT NULL ,
"EUSER" NVARCHAR2(32) NOT NULL ,
"PSTATE" NVARCHAR2(2) NOT NULL ,
"PCONTENT" NVARCHAR2(128) NULL ,
"GROUPNAME" NVARCHAR2(128) NOT NULL ,
"GROUPNOTE" NVARCHAR2(256) NOT NULL ,
"GROUPTAG" NVARCHAR2(256) NOT NULL ,
"GROUPIMG" NVARCHAR2(32) NOT NULL ,
"JOINCHECK" NVARCHAR2(2) NOT NULL ,
"USERNUM" NUMBER(11) NOT NULL ,
"HOMEDOCID" NVARCHAR2(32) NULL 
)
LOGGING
NOCOMPRESS
NOCACHE

;
COMMENT ON COLUMN "KNOW_FARM_DOCGROUP"."JOINCHECK" IS '1是0否';

-- ----------------------------
-- Records of KNOW_FARM_DOCGROUP
-- ----------------------------

-- ----------------------------
-- Table structure for KNOW_FARM_DOCGROUP_USER
-- ----------------------------
DROP TABLE "KNOW_FARM_DOCGROUP_USER";
CREATE TABLE "KNOW_FARM_DOCGROUP_USER" (
"ID" NVARCHAR2(32) NOT NULL ,
"CTIME" NVARCHAR2(16) NOT NULL ,
"ETIME" NVARCHAR2(16) NOT NULL ,
"CUSERNAME" NVARCHAR2(64) NOT NULL ,
"CUSER" NVARCHAR2(32) NOT NULL ,
"EUSERNAME" NVARCHAR2(64) NOT NULL ,
"EUSER" NVARCHAR2(32) NOT NULL ,
"PSTATE" NVARCHAR2(2) NOT NULL ,
"PCONTENT" NVARCHAR2(128) NULL ,
"GROUPID" NVARCHAR2(32) NOT NULL ,
"USERID" NVARCHAR2(32) NOT NULL ,
"LEADIS" NVARCHAR2(2) NOT NULL ,
"EDITIS" NVARCHAR2(2) NOT NULL ,
"SHOWHOME" NVARCHAR2(2) NOT NULL ,
"SHOWSORT" NUMBER(11) NOT NULL ,
"APPLYNOTE" NVARCHAR2(128) NULL 
)
LOGGING
NOCOMPRESS
NOCACHE

;
COMMENT ON COLUMN "KNOW_FARM_DOCGROUP_USER"."PSTATE" IS '1在用，0邀请，2删除，3申请';
COMMENT ON COLUMN "KNOW_FARM_DOCGROUP_USER"."LEADIS" IS '1是0否';
COMMENT ON COLUMN "KNOW_FARM_DOCGROUP_USER"."EDITIS" IS '1是0否';
COMMENT ON COLUMN "KNOW_FARM_DOCGROUP_USER"."SHOWHOME" IS '1是0否';

-- ----------------------------
-- Records of KNOW_FARM_DOCGROUP_USER
-- ----------------------------

-- ----------------------------
-- Table structure for KNOW_FARM_DOCMESSAGE
-- ----------------------------
DROP TABLE "KNOW_FARM_DOCMESSAGE";
CREATE TABLE "KNOW_FARM_DOCMESSAGE" (
"ID" NVARCHAR2(32) NOT NULL ,
"CTIME" NVARCHAR2(16) NOT NULL ,
"CUSER" NVARCHAR2(32) NOT NULL ,
"CUSERNAME" NVARCHAR2(64) NOT NULL ,
"PSTATE" NVARCHAR2(2) NOT NULL ,
"PCONTENT" NVARCHAR2(128) NULL ,
"READUSERID" NVARCHAR2(32) NOT NULL ,
"CONTENT" NVARCHAR2(256) NOT NULL ,
"TITLE" NVARCHAR2(64) NOT NULL ,
"APPID" NVARCHAR2(32) NULL ,
"READSTATE" NVARCHAR2(2) NOT NULL ,
"PRAISNUM" NUMBER(11) NULL ,
"CRITCISMNUM" NUMBER(11) NULL ,
"PARENTID" NVARCHAR2(32) NULL ,
"REPLYNUM" NUMBER(11) NULL 
)
LOGGING
NOCOMPRESS
NOCACHE

;
COMMENT ON COLUMN "KNOW_FARM_DOCMESSAGE"."APPID" IS '业务公共会依据该ID查询自己相关的留言';
COMMENT ON COLUMN "KNOW_FARM_DOCMESSAGE"."READSTATE" IS '0未读、1已读';
COMMENT ON COLUMN "KNOW_FARM_DOCMESSAGE"."CRITCISMNUM" IS 'criticism';
COMMENT ON COLUMN "KNOW_FARM_DOCMESSAGE"."REPLYNUM" IS 'reply';

-- ----------------------------
-- Records of KNOW_FARM_DOCMESSAGE
-- ----------------------------

-- ----------------------------
-- Table structure for KNOW_FARM_DOCRUNINFO
-- ----------------------------
DROP TABLE "KNOW_FARM_DOCRUNINFO";
CREATE TABLE "KNOW_FARM_DOCRUNINFO" (
"ID" NVARCHAR2(32) NOT NULL ,
"VISITNUM" NUMBER(11) NOT NULL ,
"HOTNUM" NUMBER(11) NOT NULL ,
"LASTVTIME" NVARCHAR2(14) NOT NULL ,
"PRAISEYES" NUMBER(11) NOT NULL ,
"PRAISENO" NUMBER(11) NOT NULL ,
"EVALUATE" NUMBER(11) NOT NULL ,
"ANSWERINGNUM" NUMBER(11) NOT NULL 
)
LOGGING
NOCOMPRESS
NOCACHE

;
COMMENT ON COLUMN "KNOW_FARM_DOCRUNINFO"."EVALUATE" IS '好评减去差评';

-- ----------------------------
-- Records of KNOW_FARM_DOCRUNINFO
-- ----------------------------
INSERT INTO "KNOW_FARM_DOCRUNINFO" VALUES ('402888ac55fc0e8e0155fc0fc9550002', '1', '10', '201607181132', '0', '0', '0', '3');

-- ----------------------------
-- Table structure for KNOW_FARM_DOCRUNINFO_DETAIL
-- ----------------------------
DROP TABLE "KNOW_FARM_DOCRUNINFO_DETAIL";
CREATE TABLE "KNOW_FARM_DOCRUNINFO_DETAIL" (
"ID" NVARCHAR2(32) NOT NULL ,
"CTIME" NVARCHAR2(16) NOT NULL ,
"CUSERNAME" NVARCHAR2(64) NULL ,
"CUSER" NVARCHAR2(32) NULL ,
"PSTATE" NVARCHAR2(2) NOT NULL ,
"PCONTENT" NVARCHAR2(128) NULL ,
"VTYPE" NVARCHAR2(2) NOT NULL ,
"DOCTEXTID" NVARCHAR2(32) NOT NULL ,
"RUNINFOID" NVARCHAR2(32) NOT NULL ,
"USERIP" NVARCHAR2(128) NOT NULL 
)
LOGGING
NOCOMPRESS
NOCACHE

;
COMMENT ON COLUMN "KNOW_FARM_DOCRUNINFO_DETAIL"."VTYPE" IS '1访问、2好评、3差评';

-- ----------------------------
-- Records of KNOW_FARM_DOCRUNINFO_DETAIL
-- ----------------------------

-- ----------------------------
-- Table structure for KNOW_FARM_DOCTEXT
-- ----------------------------
DROP TABLE "KNOW_FARM_DOCTEXT";
CREATE TABLE "KNOW_FARM_DOCTEXT" (
"TEXT1" NCLOB NULL ,
"TEXT2" NCLOB NULL ,
"TEXT3" NCLOB NULL ,
"ID" NVARCHAR2(32) NOT NULL ,
"CTIME" NVARCHAR2(16) NOT NULL ,
"ETIME" NVARCHAR2(16) NOT NULL ,
"CUSERNAME" NVARCHAR2(64) NOT NULL ,
"CUSER" NVARCHAR2(32) NOT NULL ,
"EUSERNAME" NVARCHAR2(64) NOT NULL ,
"EUSER" NVARCHAR2(32) NOT NULL ,
"PCONTENT" NVARCHAR2(128) NULL ,
"PSTATE" NVARCHAR2(2) NOT NULL ,
"DOCID" NVARCHAR2(32) NULL 
)
LOGGING
NOCOMPRESS
NOCACHE

;
COMMENT ON COLUMN "KNOW_FARM_DOCTEXT"."PSTATE" IS '1在用内容。2.版本存档3.待审核';
COMMENT ON COLUMN "KNOW_FARM_DOCTEXT"."DOCID" IS '存档版本时记录其所对照的文档id';

-- ----------------------------
-- Records of KNOW_FARM_DOCTEXT
-- ----------------------------
INSERT INTO "KNOW_FARM_DOCTEXT" VALUES ('asdf', null, null, '402888ac55fc0e8e0155fc0fc9550003', '20160718113220', '20160718113220', '系统管理员', '40288b854a329988014a329a12f30002', '系统管理员', '40288b854a329988014a329a12f30002', 'CREAT', '1', null);

-- ----------------------------
-- Table structure for KNOW_FARM_DOCTYPE
-- ----------------------------
DROP TABLE "KNOW_FARM_DOCTYPE";
CREATE TABLE "KNOW_FARM_DOCTYPE" (
"NAME" NVARCHAR2(128) NOT NULL ,
"TYPEMOD" NVARCHAR2(128) NULL ,
"CONTENTMOD" NVARCHAR2(128) NULL ,
"SORT" NUMBER(11) NOT NULL ,
"TYPE" NVARCHAR2(2) NOT NULL ,
"METATITLE" NVARCHAR2(256) NULL ,
"METAKEY" NVARCHAR2(256) NULL ,
"METACONTENT" NVARCHAR2(256) NULL ,
"LINKURL" NVARCHAR2(256) NULL ,
"ID" NVARCHAR2(32) NOT NULL ,
"CTIME" NVARCHAR2(16) NOT NULL ,
"ETIME" NVARCHAR2(16) NOT NULL ,
"CUSERNAME" NVARCHAR2(64) NOT NULL ,
"CUSER" NVARCHAR2(32) NOT NULL ,
"EUSERNAME" NVARCHAR2(64) NOT NULL ,
"EUSER" NVARCHAR2(32) NOT NULL ,
"PCONTENT" NVARCHAR2(128) NULL ,
"PSTATE" NVARCHAR2(2) NOT NULL ,
"PARENTID" NVARCHAR2(32) NOT NULL ,
"TREECODE" NVARCHAR2(256) NOT NULL ,
"TAGS" NVARCHAR2(256) NULL ,
"AUDITPOP" NVARCHAR2(1) NOT NULL ,
"WRITEPOP" NVARCHAR2(1) NOT NULL ,
"READPOP" NVARCHAR2(1) NOT NULL 
)
LOGGING
NOCOMPRESS
NOCACHE

;
COMMENT ON COLUMN "KNOW_FARM_DOCTYPE"."TYPE" IS '1内容，2建设，3结构，4链接，5单页';

-- ----------------------------
-- Records of KNOW_FARM_DOCTYPE
-- ----------------------------


-- ----------------------------
-- Table structure for KNOW_FARM_DOCTYPE_POP
-- ----------------------------
DROP TABLE "KNOW_FARM_DOCTYPE_POP";
CREATE TABLE "KNOW_FARM_DOCTYPE_POP" (
"ID" NVARCHAR2(32) NOT NULL ,
"POPTYPE" NVARCHAR2(1) NOT NULL ,
"FUNTYPE" NVARCHAR2(1) NOT NULL ,
"OID" NVARCHAR2(32) NOT NULL ,
"ONAME" NVARCHAR2(64) NOT NULL ,
"TYPEID" NVARCHAR2(32) NOT NULL 
)
LOGGING
NOCOMPRESS
NOCACHE

;
COMMENT ON COLUMN "KNOW_FARM_DOCTYPE_POP"."POPTYPE" IS '1人、2组织机构';
COMMENT ON COLUMN "KNOW_FARM_DOCTYPE_POP"."FUNTYPE" IS '1浏览、2编辑、3审核';

-- ----------------------------
-- Records of KNOW_FARM_DOCTYPE_POP
-- ----------------------------

-- ----------------------------
-- Table structure for KNOW_FARM_QZ_SCHEDULER
-- ----------------------------
DROP TABLE "KNOW_FARM_QZ_SCHEDULER";
CREATE TABLE "KNOW_FARM_QZ_SCHEDULER" (
"ID" NVARCHAR2(32) NOT NULL ,
"AUTOIS" NVARCHAR2(2) NOT NULL ,
"CTIME" NVARCHAR2(16) NOT NULL ,
"ETIME" NVARCHAR2(16) NOT NULL ,
"CUSERNAME" NVARCHAR2(64) NOT NULL ,
"CUSER" NVARCHAR2(32) NOT NULL ,
"EUSERNAME" NVARCHAR2(64) NOT NULL ,
"EUSER" NVARCHAR2(32) NOT NULL ,
"PSTATE" NVARCHAR2(2) NOT NULL ,
"PCONTENT" NVARCHAR2(128) NULL ,
"TASKID" NVARCHAR2(32) NOT NULL ,
"TRIGGERID" NVARCHAR2(32) NOT NULL 
)
LOGGING
NOCOMPRESS
NOCACHE

;

-- ----------------------------
-- Records of KNOW_FARM_QZ_SCHEDULER
-- ----------------------------
INSERT INTO "KNOW_FARM_QZ_SCHEDULER" VALUES ('402888a8510485be0151048a97e6000a', '1', '20151114134930', '20151114134930', '系统管理员', '40288b854a329988014a329a12f30002', '系统管理员', '40288b854a329988014a329a12f30002', '1', null, '402894ca4af0883a014af092863c0004', '402894ca4af0883a014af08d09f00003');

-- ----------------------------
-- Table structure for KNOW_FARM_QZ_TASK
-- ----------------------------
DROP TABLE "KNOW_FARM_QZ_TASK";
CREATE TABLE "KNOW_FARM_QZ_TASK" (
"ID" NVARCHAR2(32) NOT NULL ,
"CTIME" NVARCHAR2(16) NOT NULL ,
"ETIME" NVARCHAR2(16) NOT NULL ,
"CUSERNAME" NVARCHAR2(64) NOT NULL ,
"CUSER" NVARCHAR2(32) NOT NULL ,
"EUSERNAME" NVARCHAR2(64) NOT NULL ,
"EUSER" NVARCHAR2(32) NOT NULL ,
"PSTATE" NVARCHAR2(2) NOT NULL ,
"PCONTENT" NVARCHAR2(128) NULL ,
"JOBCLASS" NVARCHAR2(128) NOT NULL ,
"NAME" NVARCHAR2(128) NOT NULL ,
"JOBPARAS" NCLOB NULL ,
"JOBKEY" NVARCHAR2(128) NOT NULL 
)
LOGGING
NOCOMPRESS
NOCACHE

;

-- ----------------------------
-- Records of KNOW_FARM_QZ_TASK
-- ----------------------------
INSERT INTO "KNOW_FARM_QZ_TASK" VALUES ('402894ca4af0883a014af092863c0004', '20150116102902', '20150116102902', '系统管理员', '40288b854a329988014a329a12f30002', '系统管理员', '40288b854a329988014a329a12f30002', '1', null, 'com.farm.doc.quartz.task.RecountDocHotnumTask', '计算文章热度', null, 'NONE');

-- ----------------------------
-- Table structure for KNOW_FARM_QZ_TRIGGER
-- ----------------------------
DROP TABLE "KNOW_FARM_QZ_TRIGGER";
CREATE TABLE "KNOW_FARM_QZ_TRIGGER" (
"ID" NVARCHAR2(32) NOT NULL ,
"CTIME" NVARCHAR2(16) NOT NULL ,
"ETIME" NVARCHAR2(16) NOT NULL ,
"CUSERNAME" NVARCHAR2(64) NOT NULL ,
"CUSER" NVARCHAR2(32) NOT NULL ,
"EUSERNAME" NVARCHAR2(64) NOT NULL ,
"EUSER" NVARCHAR2(32) NOT NULL ,
"PSTATE" NVARCHAR2(2) NOT NULL ,
"PCONTENT" NVARCHAR2(128) NULL ,
"DESCRIPT" NVARCHAR2(128) NOT NULL ,
"NAME" NVARCHAR2(128) NOT NULL 
)
LOGGING
NOCOMPRESS
NOCACHE

;

-- ----------------------------
-- Records of KNOW_FARM_QZ_TRIGGER
-- ----------------------------
INSERT INTO "KNOW_FARM_QZ_TRIGGER" VALUES ('402894ca4af0883a014af08d09f00003', '20150116102302', '20150116102302', '系统管理员', '40288b854a329988014a329a12f30002', '系统管理员', '40288b854a329988014a329a12f30002', '1', '每年每月每日每时0分0秒', '0 0 * * * ? *', '每小时执行一次');

-- ----------------------------
-- Table structure for KNOW_FARM_RESUME_APPRAISAL
-- ----------------------------
DROP TABLE "KNOW_FARM_RESUME_APPRAISAL";
CREATE TABLE "KNOW_FARM_RESUME_APPRAISAL" (
"ID" NVARCHAR2(32) NOT NULL ,
"CTIME" NVARCHAR2(16) NOT NULL ,
"ETIME" NVARCHAR2(16) NOT NULL ,
"CUSERNAME" NVARCHAR2(64) NOT NULL ,
"CUSER" NVARCHAR2(32) NOT NULL ,
"EUSERNAME" NVARCHAR2(64) NOT NULL ,
"EUSER" NVARCHAR2(32) NOT NULL ,
"PSTATE" NVARCHAR2(2) NOT NULL ,
"PCONTENT" NVARCHAR2(128) NULL ,
"USERID" NVARCHAR2(32) NOT NULL ,
"APPRAISAL" NVARCHAR2(512) NOT NULL ,
"CAREERGOALS" NVARCHAR2(512) NULL 
)
LOGGING
NOCOMPRESS
NOCACHE

;
COMMENT ON TABLE "KNOW_FARM_RESUME_APPRAISAL" IS 'appraisal';

-- ----------------------------
-- Records of KNOW_FARM_RESUME_APPRAISAL
-- ----------------------------

-- ----------------------------
-- Table structure for KNOW_FARM_RESUME_BASE
-- ----------------------------
DROP TABLE "KNOW_FARM_RESUME_BASE";
CREATE TABLE "KNOW_FARM_RESUME_BASE" (
"ID" NVARCHAR2(32) NOT NULL ,
"CTIME" NVARCHAR2(16) NOT NULL ,
"ETIME" NVARCHAR2(16) NOT NULL ,
"CUSERNAME" NVARCHAR2(64) NOT NULL ,
"CUSER" NVARCHAR2(32) NOT NULL ,
"EUSERNAME" NVARCHAR2(64) NOT NULL ,
"EUSER" NVARCHAR2(32) NOT NULL ,
"PSTATE" NVARCHAR2(2) NOT NULL ,
"PCONTENT" NCLOB NULL ,
"USERID" NVARCHAR2(32) NOT NULL ,
"NAME" NVARCHAR2(64) NOT NULL ,
"SEX" NVARCHAR2(2) NULL ,
"BIRTHDAY" NVARCHAR2(16) NULL ,
"DATEYEAR" NVARCHAR2(8) NULL ,
"DATEMONTH" NVARCHAR2(8) NULL ,
"REGISTEREDAREA" NVARCHAR2(16) NULL ,
"REGISTERED" NVARCHAR2(128) NULL ,
"LIVESTRAREA" NVARCHAR2(16) NULL ,
"LIVESTR" NVARCHAR2(128) NULL ,
"QQCODE" NVARCHAR2(16) NULL ,
"WXCODE" NVARCHAR2(16) NULL ,
"MOBILECODE" NVARCHAR2(16) NULL ,
"EMAILCODE" NVARCHAR2(32) NULL ,
"MARRIAGESTA" NVARCHAR2(2) NULL ,
"NATIONALITY" NVARCHAR2(16) NULL ,
"OTHERTYPE" NVARCHAR2(32) NULL ,
"OTHERID" NVARCHAR2(32) NULL ,
"IDCODE" NVARCHAR2(32) NULL ,
"STUDYABROAD" NVARCHAR2(2) NULL ,
"ZZMM" NVARCHAR2(2) NULL ,
"PHOTOID" NVARCHAR2(32) NULL ,
"DEGREEMAX" NVARCHAR2(2) NULL 
)
LOGGING
NOCOMPRESS
NOCACHE

;
COMMENT ON TABLE "KNOW_FARM_RESUME_BASE" IS 'FARM_Resume';
COMMENT ON COLUMN "KNOW_FARM_RESUME_BASE"."SEX" IS '1男 2女';
COMMENT ON COLUMN "KNOW_FARM_RESUME_BASE"."BIRTHDAY" IS 'birthday';
COMMENT ON COLUMN "KNOW_FARM_RESUME_BASE"."DATEYEAR" IS 'DATEYEAR';
COMMENT ON COLUMN "KNOW_FARM_RESUME_BASE"."MARRIAGESTA" IS '1未婚2已婚3离异 ';
COMMENT ON COLUMN "KNOW_FARM_RESUME_BASE"."STUDYABROAD" IS ' 1有 2 无   ';
COMMENT ON COLUMN "KNOW_FARM_RESUME_BASE"."ZZMM" IS '1中共党员(含预备党员) 2团员3群众4民主党派5无党派人士 ';

-- ----------------------------
-- Records of KNOW_FARM_RESUME_BASE
-- ----------------------------
INSERT INTO "KNOW_FARM_RESUME_BASE" VALUES ('402888ac55fc0e8e0155fc0f2e230000', '20160718113141', '20160718113141', '系统管理员', '40288b854a329988014a329a12f30002', '系统管理员', '40288b854a329988014a329a12f30002', '1', null, '40288b854a329988014a329a12f30002', '系统管理员', '1', '2016-07-14', '2015', null, null, 'asdf', null, 'asdf', null, null, 'asdf', 'adsf', '1', null, null, null, null, null, null, null, '8');

-- ----------------------------
-- Table structure for KNOW_FARM_RESUME_EDUCATE
-- ----------------------------
DROP TABLE "KNOW_FARM_RESUME_EDUCATE";
CREATE TABLE "KNOW_FARM_RESUME_EDUCATE" (
"ID" NVARCHAR2(32) NOT NULL ,
"CTIME" NVARCHAR2(16) NOT NULL ,
"ETIME" NVARCHAR2(16) NOT NULL ,
"CUSERNAME" NVARCHAR2(64) NOT NULL ,
"CUSER" NVARCHAR2(32) NOT NULL ,
"EUSERNAME" NVARCHAR2(64) NOT NULL ,
"EUSER" NVARCHAR2(32) NOT NULL ,
"PSTATE" NVARCHAR2(2) NOT NULL ,
"PCONTENT" NVARCHAR2(128) NULL ,
"USERID" NVARCHAR2(32) NOT NULL ,
"DATETIME" NVARCHAR2(16) NULL ,
"DATEEND" NVARCHAR2(16) NULL ,
"SCHOOLNAME" NVARCHAR2(64) NOT NULL ,
"UNITARYIS" NVARCHAR2(2) NULL ,
"SPECIALITYNAME" NVARCHAR2(128) NULL ,
"DEGREE" NVARCHAR2(2) NULL 
)
LOGGING
NOCOMPRESS
NOCACHE

;
COMMENT ON TABLE "KNOW_FARM_RESUME_EDUCATE" IS 'educate';
COMMENT ON COLUMN "KNOW_FARM_RESUME_EDUCATE"."UNITARYIS" IS '1是2 否';

-- ----------------------------
-- Records of KNOW_FARM_RESUME_EDUCATE
-- ----------------------------

-- ----------------------------
-- Table structure for KNOW_FARM_RESUME_FAMILY
-- ----------------------------
DROP TABLE "KNOW_FARM_RESUME_FAMILY";
CREATE TABLE "KNOW_FARM_RESUME_FAMILY" (
"ID" NVARCHAR2(32) NOT NULL ,
"CTIME" NVARCHAR2(16) NOT NULL ,
"ETIME" NVARCHAR2(16) NOT NULL ,
"CUSERNAME" NVARCHAR2(64) NOT NULL ,
"CUSER" NVARCHAR2(32) NOT NULL ,
"EUSERNAME" NVARCHAR2(64) NOT NULL ,
"EUSER" NVARCHAR2(32) NOT NULL ,
"PSTATE" NVARCHAR2(2) NOT NULL ,
"PCONTENT" NVARCHAR2(128) NULL ,
"USERID" NVARCHAR2(32) NOT NULL ,
"RELATIONTYPE" NVARCHAR2(2) NOT NULL ,
"NAME" NVARCHAR2(32) NULL ,
"BIRTH" NVARCHAR2(16) NULL ,
"PHONE" NVARCHAR2(16) NULL ,
"ZZMM" NVARCHAR2(2) NULL ,
"WORDADDR" NVARCHAR2(64) NULL ,
"ADDR" NVARCHAR2(128) NULL 
)
LOGGING
NOCOMPRESS
NOCACHE

;
COMMENT ON TABLE "KNOW_FARM_RESUME_FAMILY" IS 'family';

-- ----------------------------
-- Records of KNOW_FARM_RESUME_FAMILY
-- ----------------------------

-- ----------------------------
-- Table structure for KNOW_FARM_RESUME_FILES
-- ----------------------------
DROP TABLE "KNOW_FARM_RESUME_FILES";
CREATE TABLE "KNOW_FARM_RESUME_FILES" (
"ID" NVARCHAR2(32) NOT NULL ,
"CTIME" NVARCHAR2(16) NOT NULL ,
"ETIME" NVARCHAR2(16) NOT NULL ,
"CUSERNAME" NVARCHAR2(64) NOT NULL ,
"CUSER" NVARCHAR2(32) NOT NULL ,
"EUSERNAME" NVARCHAR2(64) NOT NULL ,
"EUSER" NVARCHAR2(32) NOT NULL ,
"PSTATE" NVARCHAR2(2) NOT NULL ,
"PCONTENT" NVARCHAR2(128) NULL ,
"USERID" NVARCHAR2(32) NOT NULL ,
"FILEID" NVARCHAR2(32) NOT NULL 
)
LOGGING
NOCOMPRESS
NOCACHE

;

-- ----------------------------
-- Records of KNOW_FARM_RESUME_FILES
-- ----------------------------

-- ----------------------------
-- Table structure for KNOW_FARM_RESUME_INTENSION
-- ----------------------------
DROP TABLE "KNOW_FARM_RESUME_INTENSION";
CREATE TABLE "KNOW_FARM_RESUME_INTENSION" (
"ID" NVARCHAR2(32) NOT NULL ,
"CTIME" NVARCHAR2(16) NOT NULL ,
"ETIME" NVARCHAR2(16) NOT NULL ,
"CUSERNAME" NVARCHAR2(64) NOT NULL ,
"CUSER" NVARCHAR2(32) NOT NULL ,
"EUSERNAME" NVARCHAR2(64) NOT NULL ,
"EUSER" NVARCHAR2(32) NOT NULL ,
"PSTATE" NVARCHAR2(2) NOT NULL ,
"PCONTENT" NVARCHAR2(128) NULL ,
"USERID" NVARCHAR2(32) NOT NULL ,
"WORKNATURE" NVARCHAR2(2) NOT NULL ,
"WORKADDRAREA" NVARCHAR2(32) NULL ,
"WORKADDR" NVARCHAR2(64) NULL ,
"WORKOCCUPATION" NVARCHAR2(32) NULL ,
"WORKINDUSTRY" NVARCHAR2(32) NULL ,
"WORKPAY" NUMBER(11) NULL ,
"WORKSTAT" NVARCHAR2(2) NULL 
)
LOGGING
NOCOMPRESS
NOCACHE

;
COMMENT ON TABLE "KNOW_FARM_RESUME_INTENSION" IS ' Intension';
COMMENT ON COLUMN "KNOW_FARM_RESUME_INTENSION"."WORKNATURE" IS '1全职2兼职3实习';

-- ----------------------------
-- Records of KNOW_FARM_RESUME_INTENSION
-- ----------------------------

-- ----------------------------
-- Table structure for KNOW_FARM_RESUME_WORK
-- ----------------------------
DROP TABLE "KNOW_FARM_RESUME_WORK";
CREATE TABLE "KNOW_FARM_RESUME_WORK" (
"ID" NVARCHAR2(32) NOT NULL ,
"CTIME" NVARCHAR2(16) NOT NULL ,
"ETIME" NVARCHAR2(16) NOT NULL ,
"CUSERNAME" NVARCHAR2(64) NOT NULL ,
"CUSER" NVARCHAR2(32) NOT NULL ,
"EUSERNAME" NVARCHAR2(64) NOT NULL ,
"EUSER" NVARCHAR2(32) NOT NULL ,
"PSTATE" NVARCHAR2(2) NOT NULL ,
"PCONTENT" NVARCHAR2(128) NULL ,
"USERID" NVARCHAR2(32) NOT NULL ,
"NAME" NVARCHAR2(64) NOT NULL ,
"TYPE" NVARCHAR2(2) NULL ,
"POSTNAME" NVARCHAR2(64) NULL ,
"DATESTART" NVARCHAR2(16) NULL ,
"DATEEND" NVARCHAR2(16) NULL ,
"SALARY" NVARCHAR2(16) NULL ,
"WORKNOTE" NCLOB NULL ,
"EPROPERTY" NVARCHAR2(2) NULL ,
"ESCALE" NVARCHAR2(2) NULL 
)
LOGGING
NOCOMPRESS
NOCACHE

;

-- ----------------------------
-- Records of KNOW_FARM_RESUME_WORK
-- ----------------------------

-- ----------------------------
-- Table structure for KNOW_FARM_RF_DOCTEXTFILE
-- ----------------------------
DROP TABLE "KNOW_FARM_RF_DOCTEXTFILE";
CREATE TABLE "KNOW_FARM_RF_DOCTEXTFILE" (
"ID" NVARCHAR2(32) NOT NULL ,
"FILEID" NVARCHAR2(32) NOT NULL ,
"DOCID" NVARCHAR2(32) NOT NULL 
)
LOGGING
NOCOMPRESS
NOCACHE

;

-- ----------------------------
-- Records of KNOW_FARM_RF_DOCTEXTFILE
-- ----------------------------

-- ----------------------------
-- Table structure for KNOW_FARM_RF_DOCTYPE
-- ----------------------------
DROP TABLE "KNOW_FARM_RF_DOCTYPE";
CREATE TABLE "KNOW_FARM_RF_DOCTYPE" (
"ID" NVARCHAR2(32) NOT NULL ,
"TYPEID" NVARCHAR2(32) NOT NULL ,
"DOCID" NVARCHAR2(32) NOT NULL 
)
LOGGING
NOCOMPRESS
NOCACHE

;

-- ----------------------------
-- Records of KNOW_FARM_RF_DOCTYPE
-- ----------------------------
INSERT INTO "KNOW_FARM_RF_DOCTYPE" VALUES ('402888ac55fc0e8e0155fc0fca2b0005', '402888ac55fc0e8e0155fc0f7fb20001', '402888ac55fc0e8e0155fc0fca2a0004');

-- ----------------------------
-- Table structure for KNOW_FARM_TOP
-- ----------------------------
DROP TABLE "KNOW_FARM_TOP";
CREATE TABLE "KNOW_FARM_TOP" (
"ID" NVARCHAR2(32) NOT NULL ,
"CTIME" NVARCHAR2(16) NOT NULL ,
"CUSERNAME" NVARCHAR2(64) NOT NULL ,
"CUSER" NVARCHAR2(32) NOT NULL ,
"PSTATE" NVARCHAR2(2) NOT NULL ,
"PCONTENT" NVARCHAR2(128) NULL ,
"DOCID" NVARCHAR2(32) NOT NULL ,
"SORT" NUMBER(11) NOT NULL 
)
LOGGING
NOCOMPRESS
NOCACHE

;

-- ----------------------------
-- Records of KNOW_FARM_TOP
-- ----------------------------

-- ----------------------------
-- Table structure for KNOW_FARM_USERMESSAGE
-- ----------------------------
DROP TABLE "KNOW_FARM_USERMESSAGE";
CREATE TABLE "KNOW_FARM_USERMESSAGE" (
"ID" NVARCHAR2(32) NOT NULL ,
"CTIME" NVARCHAR2(16) NOT NULL ,
"CUSER" NVARCHAR2(32) NULL ,
"CUSERNAME" NVARCHAR2(64) NULL ,
"PSTATE" NVARCHAR2(2) NOT NULL ,
"PCONTENT" NVARCHAR2(128) NULL ,
"READUSERID" NVARCHAR2(32) NOT NULL ,
"CONTENT" NVARCHAR2(256) NOT NULL ,
"TITLE" NVARCHAR2(64) NOT NULL ,
"READSTATE" NVARCHAR2(2) NOT NULL 
)
LOGGING
NOCOMPRESS
NOCACHE

;
COMMENT ON COLUMN "KNOW_FARM_USERMESSAGE"."READSTATE" IS '0未读、1已读';

-- ----------------------------
-- Records of KNOW_FARM_USERMESSAGE
-- ----------------------------
INSERT INTO "KNOW_FARM_USERMESSAGE" VALUES ('402888ac55fc0e8e0155fc10b00a0009', '20160718113320', 'SYS', '系统消息', '1', null, '40288b854a329988014a329a12f30002', '知识<a class=''color_a'' href=''webdocmessage/Pubmsg.do?docid=402888ac55fc0e8e0155fc0fca2a0004''>asdfasdf</a>收到一条回复:asdfasdf阿斯顿发斯蒂芬', '收到一条评论回复', '0');
INSERT INTO "KNOW_FARM_USERMESSAGE" VALUES ('402888ac55fc0e8e0155fc10d4c8000b', '20160718113329', 'SYS', '系统消息', '1', null, '40288b854a329988014a329a12f30002', '知识<a class=''color_a'' href=''webdocmessage/Pubmsg.do?docid=402888ac55fc0e8e0155fc0fca2a0004''>asdfasdf</a>收到一条回复:ADSASDFASDFADSF', '收到一条评论回复', '0');

-- ----------------------------
-- Table structure for KNOW_FARM_WEBURL
-- ----------------------------
DROP TABLE "KNOW_FARM_WEBURL";
CREATE TABLE "KNOW_FARM_WEBURL" (
"ID" NVARCHAR2(32) NOT NULL ,
"CTIME" NVARCHAR2(16) NOT NULL ,
"ETIME" NVARCHAR2(16) NOT NULL ,
"CUSERNAME" NVARCHAR2(64) NOT NULL ,
"CUSER" NVARCHAR2(32) NOT NULL ,
"EUSERNAME" NVARCHAR2(64) NOT NULL ,
"EUSER" NVARCHAR2(32) NOT NULL ,
"PSTATE" NVARCHAR2(2) NOT NULL ,
"PCONTENT" NVARCHAR2(128) NULL ,
"URL" NVARCHAR2(512) NOT NULL ,
"WEBNAME" NVARCHAR2(64) NOT NULL ,
"SORT" NUMBER(11) NOT NULL ,
"FILEID" NVARCHAR2(32) NULL 
)
LOGGING
NOCOMPRESS
NOCACHE

;

-- ----------------------------
-- Records of KNOW_FARM_WEBURL
-- ----------------------------

-- ----------------------------
-- Indexes structure for table KNOW_ALONE_APPLOG
-- ----------------------------
CREATE INDEX "FK_Reference_9"
ON "KNOW_ALONE_APPLOG" ("APPUSER" ASC)
LOGGING
VISIBLE;

-- ----------------------------
-- Checks structure for table KNOW_ALONE_APPLOG
-- ----------------------------
ALTER TABLE "KNOW_ALONE_APPLOG" ADD CHECK ("ID" IS NOT NULL);
ALTER TABLE "KNOW_ALONE_APPLOG" ADD CHECK ("CTIME" IS NOT NULL);
ALTER TABLE "KNOW_ALONE_APPLOG" ADD CHECK ("DESCRIBES" IS NOT NULL);
ALTER TABLE "KNOW_ALONE_APPLOG" ADD CHECK ("APPUSER" IS NOT NULL);

-- ----------------------------
-- Primary Key structure for table KNOW_ALONE_APPLOG
-- ----------------------------
ALTER TABLE "KNOW_ALONE_APPLOG" ADD PRIMARY KEY ("ID");

-- ----------------------------
-- Indexes structure for table KNOW_ALONE_AUTH_ACTION
-- ----------------------------

-- ----------------------------
-- Checks structure for table KNOW_ALONE_AUTH_ACTION
-- ----------------------------
ALTER TABLE "KNOW_ALONE_AUTH_ACTION" ADD CHECK ("ID" IS NOT NULL);
ALTER TABLE "KNOW_ALONE_AUTH_ACTION" ADD CHECK ("AUTHKEY" IS NOT NULL);
ALTER TABLE "KNOW_ALONE_AUTH_ACTION" ADD CHECK ("NAME" IS NOT NULL);
ALTER TABLE "KNOW_ALONE_AUTH_ACTION" ADD CHECK ("CTIME" IS NOT NULL);
ALTER TABLE "KNOW_ALONE_AUTH_ACTION" ADD CHECK ("UTIME" IS NOT NULL);
ALTER TABLE "KNOW_ALONE_AUTH_ACTION" ADD CHECK ("CUSER" IS NOT NULL);
ALTER TABLE "KNOW_ALONE_AUTH_ACTION" ADD CHECK ("MUSER" IS NOT NULL);
ALTER TABLE "KNOW_ALONE_AUTH_ACTION" ADD CHECK ("STATE" IS NOT NULL);
ALTER TABLE "KNOW_ALONE_AUTH_ACTION" ADD CHECK ("CHECKIS" IS NOT NULL);
ALTER TABLE "KNOW_ALONE_AUTH_ACTION" ADD CHECK ("LOGINIS" IS NOT NULL);

-- ----------------------------
-- Primary Key structure for table KNOW_ALONE_AUTH_ACTION
-- ----------------------------
ALTER TABLE "KNOW_ALONE_AUTH_ACTION" ADD PRIMARY KEY ("ID");

-- ----------------------------
-- Indexes structure for table KNOW_ALONE_AUTH_ACTIONTREE
-- ----------------------------
CREATE INDEX "FK_Reference_7"
ON "KNOW_ALONE_AUTH_ACTIONTREE" ("ACTIONID" ASC)
LOGGING
VISIBLE;

-- ----------------------------
-- Checks structure for table KNOW_ALONE_AUTH_ACTIONTREE
-- ----------------------------
ALTER TABLE "KNOW_ALONE_AUTH_ACTIONTREE" ADD CHECK ("ID" IS NOT NULL);
ALTER TABLE "KNOW_ALONE_AUTH_ACTIONTREE" ADD CHECK ("SORT" IS NOT NULL);
ALTER TABLE "KNOW_ALONE_AUTH_ACTIONTREE" ADD CHECK ("PARENTID" IS NOT NULL);
ALTER TABLE "KNOW_ALONE_AUTH_ACTIONTREE" ADD CHECK ("NAME" IS NOT NULL);
ALTER TABLE "KNOW_ALONE_AUTH_ACTIONTREE" ADD CHECK ("TREECODE" IS NOT NULL);
ALTER TABLE "KNOW_ALONE_AUTH_ACTIONTREE" ADD CHECK ("TYPE" IS NOT NULL);
ALTER TABLE "KNOW_ALONE_AUTH_ACTIONTREE" ADD CHECK ("CTIME" IS NOT NULL);
ALTER TABLE "KNOW_ALONE_AUTH_ACTIONTREE" ADD CHECK ("UTIME" IS NOT NULL);
ALTER TABLE "KNOW_ALONE_AUTH_ACTIONTREE" ADD CHECK ("CUSER" IS NOT NULL);
ALTER TABLE "KNOW_ALONE_AUTH_ACTIONTREE" ADD CHECK ("UUSER" IS NOT NULL);
ALTER TABLE "KNOW_ALONE_AUTH_ACTIONTREE" ADD CHECK ("STATE" IS NOT NULL);
ALTER TABLE "KNOW_ALONE_AUTH_ACTIONTREE" ADD CHECK ("DOMAIN" IS NOT NULL);

-- ----------------------------
-- Primary Key structure for table KNOW_ALONE_AUTH_ACTIONTREE
-- ----------------------------
ALTER TABLE "KNOW_ALONE_AUTH_ACTIONTREE" ADD PRIMARY KEY ("ID");

-- ----------------------------
-- Indexes structure for table KNOW_ALONE_AUTH_ORGANIZATION
-- ----------------------------

-- ----------------------------
-- Checks structure for table KNOW_ALONE_AUTH_ORGANIZATION
-- ----------------------------
ALTER TABLE "KNOW_ALONE_AUTH_ORGANIZATION" ADD CHECK ("ID" IS NOT NULL);
ALTER TABLE "KNOW_ALONE_AUTH_ORGANIZATION" ADD CHECK ("TREECODE" IS NOT NULL);
ALTER TABLE "KNOW_ALONE_AUTH_ORGANIZATION" ADD CHECK ("NAME" IS NOT NULL);
ALTER TABLE "KNOW_ALONE_AUTH_ORGANIZATION" ADD CHECK ("CTIME" IS NOT NULL);
ALTER TABLE "KNOW_ALONE_AUTH_ORGANIZATION" ADD CHECK ("UTIME" IS NOT NULL);
ALTER TABLE "KNOW_ALONE_AUTH_ORGANIZATION" ADD CHECK ("STATE" IS NOT NULL);
ALTER TABLE "KNOW_ALONE_AUTH_ORGANIZATION" ADD CHECK ("CUSER" IS NOT NULL);
ALTER TABLE "KNOW_ALONE_AUTH_ORGANIZATION" ADD CHECK ("MUSER" IS NOT NULL);
ALTER TABLE "KNOW_ALONE_AUTH_ORGANIZATION" ADD CHECK ("TYPE" IS NOT NULL);

-- ----------------------------
-- Primary Key structure for table KNOW_ALONE_AUTH_ORGANIZATION
-- ----------------------------
ALTER TABLE "KNOW_ALONE_AUTH_ORGANIZATION" ADD PRIMARY KEY ("ID");

-- ----------------------------
-- Indexes structure for table KNOW_ALONE_AUTH_POST
-- ----------------------------
CREATE INDEX "FK_Reference_51"
ON "KNOW_ALONE_AUTH_POST" ("ORGANIZATIONID" ASC)
LOGGING
VISIBLE;

-- ----------------------------
-- Checks structure for table KNOW_ALONE_AUTH_POST
-- ----------------------------
ALTER TABLE "KNOW_ALONE_AUTH_POST" ADD CHECK ("ID" IS NOT NULL);
ALTER TABLE "KNOW_ALONE_AUTH_POST" ADD CHECK ("CTIME" IS NOT NULL);
ALTER TABLE "KNOW_ALONE_AUTH_POST" ADD CHECK ("ETIME" IS NOT NULL);
ALTER TABLE "KNOW_ALONE_AUTH_POST" ADD CHECK ("CUSERNAME" IS NOT NULL);
ALTER TABLE "KNOW_ALONE_AUTH_POST" ADD CHECK ("CUSER" IS NOT NULL);
ALTER TABLE "KNOW_ALONE_AUTH_POST" ADD CHECK ("EUSERNAME" IS NOT NULL);
ALTER TABLE "KNOW_ALONE_AUTH_POST" ADD CHECK ("EUSER" IS NOT NULL);
ALTER TABLE "KNOW_ALONE_AUTH_POST" ADD CHECK ("PSTATE" IS NOT NULL);
ALTER TABLE "KNOW_ALONE_AUTH_POST" ADD CHECK ("ORGANIZATIONID" IS NOT NULL);
ALTER TABLE "KNOW_ALONE_AUTH_POST" ADD CHECK ("NAME" IS NOT NULL);
ALTER TABLE "KNOW_ALONE_AUTH_POST" ADD CHECK ("EXTENDIS" IS NOT NULL);

-- ----------------------------
-- Primary Key structure for table KNOW_ALONE_AUTH_POST
-- ----------------------------
ALTER TABLE "KNOW_ALONE_AUTH_POST" ADD PRIMARY KEY ("ID");

-- ----------------------------
-- Indexes structure for table KNOW_ALONE_AUTH_POSTACTION
-- ----------------------------
CREATE INDEX "FK_Reference_8"
ON "KNOW_ALONE_AUTH_POSTACTION" ("MENUID" ASC)
LOGGING
VISIBLE;

-- ----------------------------
-- Checks structure for table KNOW_ALONE_AUTH_POSTACTION
-- ----------------------------
ALTER TABLE "KNOW_ALONE_AUTH_POSTACTION" ADD CHECK ("ID" IS NOT NULL);
ALTER TABLE "KNOW_ALONE_AUTH_POSTACTION" ADD CHECK ("MENUID" IS NOT NULL);
ALTER TABLE "KNOW_ALONE_AUTH_POSTACTION" ADD CHECK ("POSTID" IS NOT NULL);

-- ----------------------------
-- Checks structure for table KNOW_ALONE_AUTH_USER
-- ----------------------------
ALTER TABLE "KNOW_ALONE_AUTH_USER" ADD CHECK ("ID" IS NOT NULL);
ALTER TABLE "KNOW_ALONE_AUTH_USER" ADD CHECK ("NAME" IS NOT NULL);
ALTER TABLE "KNOW_ALONE_AUTH_USER" ADD CHECK ("PASSWORD" IS NOT NULL);
ALTER TABLE "KNOW_ALONE_AUTH_USER" ADD CHECK ("CTIME" IS NOT NULL);
ALTER TABLE "KNOW_ALONE_AUTH_USER" ADD CHECK ("UTIME" IS NOT NULL);
ALTER TABLE "KNOW_ALONE_AUTH_USER" ADD CHECK ("CUSER" IS NOT NULL);
ALTER TABLE "KNOW_ALONE_AUTH_USER" ADD CHECK ("MUSER" IS NOT NULL);
ALTER TABLE "KNOW_ALONE_AUTH_USER" ADD CHECK ("STATE" IS NOT NULL);
ALTER TABLE "KNOW_ALONE_AUTH_USER" ADD CHECK ("LOGINNAME" IS NOT NULL);

-- ----------------------------
-- Checks structure for table KNOW_ALONE_AUTH_USERORG
-- ----------------------------
ALTER TABLE "KNOW_ALONE_AUTH_USERORG" ADD CHECK ("ID" IS NOT NULL);
ALTER TABLE "KNOW_ALONE_AUTH_USERORG" ADD CHECK ("USERID" IS NOT NULL);
ALTER TABLE "KNOW_ALONE_AUTH_USERORG" ADD CHECK ("ORGANIZATIONID" IS NOT NULL);

-- ----------------------------
-- Checks structure for table KNOW_ALONE_AUTH_USERPOST
-- ----------------------------
ALTER TABLE "KNOW_ALONE_AUTH_USERPOST" ADD CHECK ("ID" IS NOT NULL);
ALTER TABLE "KNOW_ALONE_AUTH_USERPOST" ADD CHECK ("USERID" IS NOT NULL);
ALTER TABLE "KNOW_ALONE_AUTH_USERPOST" ADD CHECK ("POSTID" IS NOT NULL);

-- ----------------------------
-- Checks structure for table KNOW_ALONE_DICTIONARY_ENTITY
-- ----------------------------
ALTER TABLE "KNOW_ALONE_DICTIONARY_ENTITY" ADD CHECK ("ID" IS NOT NULL);
ALTER TABLE "KNOW_ALONE_DICTIONARY_ENTITY" ADD CHECK ("CTIME" IS NOT NULL);
ALTER TABLE "KNOW_ALONE_DICTIONARY_ENTITY" ADD CHECK ("UTIME" IS NOT NULL);
ALTER TABLE "KNOW_ALONE_DICTIONARY_ENTITY" ADD CHECK ("CUSER" IS NOT NULL);
ALTER TABLE "KNOW_ALONE_DICTIONARY_ENTITY" ADD CHECK ("MUSER" IS NOT NULL);
ALTER TABLE "KNOW_ALONE_DICTIONARY_ENTITY" ADD CHECK ("STATE" IS NOT NULL);
ALTER TABLE "KNOW_ALONE_DICTIONARY_ENTITY" ADD CHECK ("NAME" IS NOT NULL);
ALTER TABLE "KNOW_ALONE_DICTIONARY_ENTITY" ADD CHECK ("ENTITYINDEX" IS NOT NULL);
ALTER TABLE "KNOW_ALONE_DICTIONARY_ENTITY" ADD CHECK ("TYPE" IS NOT NULL);

-- ----------------------------
-- Checks structure for table KNOW_ALONE_DICTIONARY_TYPE
-- ----------------------------
ALTER TABLE "KNOW_ALONE_DICTIONARY_TYPE" ADD CHECK ("CTIME" IS NOT NULL);
ALTER TABLE "KNOW_ALONE_DICTIONARY_TYPE" ADD CHECK ("UTIME" IS NOT NULL);
ALTER TABLE "KNOW_ALONE_DICTIONARY_TYPE" ADD CHECK ("CUSER" IS NOT NULL);
ALTER TABLE "KNOW_ALONE_DICTIONARY_TYPE" ADD CHECK ("MUSER" IS NOT NULL);
ALTER TABLE "KNOW_ALONE_DICTIONARY_TYPE" ADD CHECK ("STATE" IS NOT NULL);
ALTER TABLE "KNOW_ALONE_DICTIONARY_TYPE" ADD CHECK ("NAME" IS NOT NULL);
ALTER TABLE "KNOW_ALONE_DICTIONARY_TYPE" ADD CHECK ("ENTITYTYPE" IS NOT NULL);
ALTER TABLE "KNOW_ALONE_DICTIONARY_TYPE" ADD CHECK ("ENTITY" IS NOT NULL);
ALTER TABLE "KNOW_ALONE_DICTIONARY_TYPE" ADD CHECK ("ID" IS NOT NULL);
ALTER TABLE "KNOW_ALONE_DICTIONARY_TYPE" ADD CHECK ("SORT" IS NOT NULL);

-- ----------------------------
-- Checks structure for table KNOW_ALONE_PARAMETER
-- ----------------------------
ALTER TABLE "KNOW_ALONE_PARAMETER" ADD CHECK ("ID" IS NOT NULL);
ALTER TABLE "KNOW_ALONE_PARAMETER" ADD CHECK ("CTIME" IS NOT NULL);
ALTER TABLE "KNOW_ALONE_PARAMETER" ADD CHECK ("UTIME" IS NOT NULL);
ALTER TABLE "KNOW_ALONE_PARAMETER" ADD CHECK ("CUSER" IS NOT NULL);
ALTER TABLE "KNOW_ALONE_PARAMETER" ADD CHECK ("MUSER" IS NOT NULL);
ALTER TABLE "KNOW_ALONE_PARAMETER" ADD CHECK ("NAME" IS NOT NULL);
ALTER TABLE "KNOW_ALONE_PARAMETER" ADD CHECK ("STATE" IS NOT NULL);
ALTER TABLE "KNOW_ALONE_PARAMETER" ADD CHECK ("PKEY" IS NOT NULL);
ALTER TABLE "KNOW_ALONE_PARAMETER" ADD CHECK ("PVALUE" IS NOT NULL);
ALTER TABLE "KNOW_ALONE_PARAMETER" ADD CHECK ("VTYPE" IS NOT NULL);
ALTER TABLE "KNOW_ALONE_PARAMETER" ADD CHECK ("USERABLE" IS NOT NULL);

-- ----------------------------
-- Checks structure for table KNOW_ALONE_PARAMETER_LOCAL
-- ----------------------------
ALTER TABLE "KNOW_ALONE_PARAMETER_LOCAL" ADD CHECK ("ID" IS NOT NULL);
ALTER TABLE "KNOW_ALONE_PARAMETER_LOCAL" ADD CHECK ("PARAMETERID" IS NOT NULL);
ALTER TABLE "KNOW_ALONE_PARAMETER_LOCAL" ADD CHECK ("EUSER" IS NOT NULL);
ALTER TABLE "KNOW_ALONE_PARAMETER_LOCAL" ADD CHECK ("PVALUE" IS NOT NULL);

-- ----------------------------
-- Checks structure for table KNOW_FARM_DOC
-- ----------------------------
ALTER TABLE "KNOW_FARM_DOC" ADD CHECK ("TITLE" IS NOT NULL);
ALTER TABLE "KNOW_FARM_DOC" ADD CHECK ("PUBTIME" IS NOT NULL);
ALTER TABLE "KNOW_FARM_DOC" ADD CHECK ("DOMTYPE" IS NOT NULL);
ALTER TABLE "KNOW_FARM_DOC" ADD CHECK ("STATE" IS NOT NULL);
ALTER TABLE "KNOW_FARM_DOC" ADD CHECK ("ID" IS NOT NULL);
ALTER TABLE "KNOW_FARM_DOC" ADD CHECK ("CTIME" IS NOT NULL);
ALTER TABLE "KNOW_FARM_DOC" ADD CHECK ("ETIME" IS NOT NULL);
ALTER TABLE "KNOW_FARM_DOC" ADD CHECK ("CUSERNAME" IS NOT NULL);
ALTER TABLE "KNOW_FARM_DOC" ADD CHECK ("CUSER" IS NOT NULL);
ALTER TABLE "KNOW_FARM_DOC" ADD CHECK ("EUSERNAME" IS NOT NULL);
ALTER TABLE "KNOW_FARM_DOC" ADD CHECK ("EUSER" IS NOT NULL);
ALTER TABLE "KNOW_FARM_DOC" ADD CHECK ("TEXTID" IS NOT NULL);
ALTER TABLE "KNOW_FARM_DOC" ADD CHECK ("WRITEPOP" IS NOT NULL);
ALTER TABLE "KNOW_FARM_DOC" ADD CHECK ("READPOP" IS NOT NULL);
ALTER TABLE "KNOW_FARM_DOC" ADD CHECK ("RUNINFOID" IS NOT NULL);

-- ----------------------------
-- Checks structure for table KNOW_FARM_DOC_AUDIT
-- ----------------------------
ALTER TABLE "KNOW_FARM_DOC_AUDIT" ADD CHECK ("CTIME" IS NOT NULL);
ALTER TABLE "KNOW_FARM_DOC_AUDIT" ADD CHECK ("ETIME" IS NOT NULL);
ALTER TABLE "KNOW_FARM_DOC_AUDIT" ADD CHECK ("CUSERNAME" IS NOT NULL);
ALTER TABLE "KNOW_FARM_DOC_AUDIT" ADD CHECK ("CUSER" IS NOT NULL);
ALTER TABLE "KNOW_FARM_DOC_AUDIT" ADD CHECK ("PSTATE" IS NOT NULL);
ALTER TABLE "KNOW_FARM_DOC_AUDIT" ADD CHECK ("DOCID" IS NOT NULL);
ALTER TABLE "KNOW_FARM_DOC_AUDIT" ADD CHECK ("TEXTID" IS NOT NULL);
ALTER TABLE "KNOW_FARM_DOC_AUDIT" ADD CHECK ("ID" IS NOT NULL);

-- ----------------------------
-- Checks structure for table KNOW_FARM_DOCENJOY
-- ----------------------------
ALTER TABLE "KNOW_FARM_DOCENJOY" ADD CHECK ("ID" IS NOT NULL);
ALTER TABLE "KNOW_FARM_DOCENJOY" ADD CHECK ("DOCID" IS NOT NULL);
ALTER TABLE "KNOW_FARM_DOCENJOY" ADD CHECK ("USERID" IS NOT NULL);

-- ----------------------------
-- Checks structure for table KNOW_FARM_DOCFILE
-- ----------------------------
ALTER TABLE "KNOW_FARM_DOCFILE" ADD CHECK ("DIR" IS NOT NULL);
ALTER TABLE "KNOW_FARM_DOCFILE" ADD CHECK ("SERVERID" IS NOT NULL);
ALTER TABLE "KNOW_FARM_DOCFILE" ADD CHECK ("TYPE" IS NOT NULL);
ALTER TABLE "KNOW_FARM_DOCFILE" ADD CHECK ("NAME" IS NOT NULL);
ALTER TABLE "KNOW_FARM_DOCFILE" ADD CHECK ("EXNAME" IS NOT NULL);
ALTER TABLE "KNOW_FARM_DOCFILE" ADD CHECK ("LEN" IS NOT NULL);
ALTER TABLE "KNOW_FARM_DOCFILE" ADD CHECK ("FILENAME" IS NOT NULL);
ALTER TABLE "KNOW_FARM_DOCFILE" ADD CHECK ("ID" IS NOT NULL);
ALTER TABLE "KNOW_FARM_DOCFILE" ADD CHECK ("CTIME" IS NOT NULL);
ALTER TABLE "KNOW_FARM_DOCFILE" ADD CHECK ("ETIME" IS NOT NULL);
ALTER TABLE "KNOW_FARM_DOCFILE" ADD CHECK ("CUSERNAME" IS NOT NULL);
ALTER TABLE "KNOW_FARM_DOCFILE" ADD CHECK ("CUSER" IS NOT NULL);
ALTER TABLE "KNOW_FARM_DOCFILE" ADD CHECK ("EUSERNAME" IS NOT NULL);
ALTER TABLE "KNOW_FARM_DOCFILE" ADD CHECK ("EUSER" IS NOT NULL);
ALTER TABLE "KNOW_FARM_DOCFILE" ADD CHECK ("PSTATE" IS NOT NULL);

-- ----------------------------
-- Checks structure for table KNOW_FARM_DOCGROUP
-- ----------------------------
ALTER TABLE "KNOW_FARM_DOCGROUP" ADD CHECK ("ID" IS NOT NULL);
ALTER TABLE "KNOW_FARM_DOCGROUP" ADD CHECK ("CTIME" IS NOT NULL);
ALTER TABLE "KNOW_FARM_DOCGROUP" ADD CHECK ("ETIME" IS NOT NULL);
ALTER TABLE "KNOW_FARM_DOCGROUP" ADD CHECK ("CUSERNAME" IS NOT NULL);
ALTER TABLE "KNOW_FARM_DOCGROUP" ADD CHECK ("CUSER" IS NOT NULL);
ALTER TABLE "KNOW_FARM_DOCGROUP" ADD CHECK ("EUSERNAME" IS NOT NULL);
ALTER TABLE "KNOW_FARM_DOCGROUP" ADD CHECK ("EUSER" IS NOT NULL);
ALTER TABLE "KNOW_FARM_DOCGROUP" ADD CHECK ("PSTATE" IS NOT NULL);
ALTER TABLE "KNOW_FARM_DOCGROUP" ADD CHECK ("GROUPNAME" IS NOT NULL);
ALTER TABLE "KNOW_FARM_DOCGROUP" ADD CHECK ("GROUPNOTE" IS NOT NULL);
ALTER TABLE "KNOW_FARM_DOCGROUP" ADD CHECK ("GROUPTAG" IS NOT NULL);
ALTER TABLE "KNOW_FARM_DOCGROUP" ADD CHECK ("GROUPIMG" IS NOT NULL);
ALTER TABLE "KNOW_FARM_DOCGROUP" ADD CHECK ("JOINCHECK" IS NOT NULL);
ALTER TABLE "KNOW_FARM_DOCGROUP" ADD CHECK ("USERNUM" IS NOT NULL);

-- ----------------------------
-- Checks structure for table KNOW_FARM_DOCGROUP_USER
-- ----------------------------
ALTER TABLE "KNOW_FARM_DOCGROUP_USER" ADD CHECK ("ID" IS NOT NULL);
ALTER TABLE "KNOW_FARM_DOCGROUP_USER" ADD CHECK ("CTIME" IS NOT NULL);
ALTER TABLE "KNOW_FARM_DOCGROUP_USER" ADD CHECK ("ETIME" IS NOT NULL);
ALTER TABLE "KNOW_FARM_DOCGROUP_USER" ADD CHECK ("CUSERNAME" IS NOT NULL);
ALTER TABLE "KNOW_FARM_DOCGROUP_USER" ADD CHECK ("CUSER" IS NOT NULL);
ALTER TABLE "KNOW_FARM_DOCGROUP_USER" ADD CHECK ("EUSERNAME" IS NOT NULL);
ALTER TABLE "KNOW_FARM_DOCGROUP_USER" ADD CHECK ("EUSER" IS NOT NULL);
ALTER TABLE "KNOW_FARM_DOCGROUP_USER" ADD CHECK ("PSTATE" IS NOT NULL);
ALTER TABLE "KNOW_FARM_DOCGROUP_USER" ADD CHECK ("GROUPID" IS NOT NULL);
ALTER TABLE "KNOW_FARM_DOCGROUP_USER" ADD CHECK ("USERID" IS NOT NULL);
ALTER TABLE "KNOW_FARM_DOCGROUP_USER" ADD CHECK ("LEADIS" IS NOT NULL);
ALTER TABLE "KNOW_FARM_DOCGROUP_USER" ADD CHECK ("EDITIS" IS NOT NULL);
ALTER TABLE "KNOW_FARM_DOCGROUP_USER" ADD CHECK ("SHOWHOME" IS NOT NULL);
ALTER TABLE "KNOW_FARM_DOCGROUP_USER" ADD CHECK ("SHOWSORT" IS NOT NULL);

-- ----------------------------
-- Checks structure for table KNOW_FARM_DOCMESSAGE
-- ----------------------------
ALTER TABLE "KNOW_FARM_DOCMESSAGE" ADD CHECK ("ID" IS NOT NULL);
ALTER TABLE "KNOW_FARM_DOCMESSAGE" ADD CHECK ("CTIME" IS NOT NULL);
ALTER TABLE "KNOW_FARM_DOCMESSAGE" ADD CHECK ("CUSER" IS NOT NULL);
ALTER TABLE "KNOW_FARM_DOCMESSAGE" ADD CHECK ("CUSERNAME" IS NOT NULL);
ALTER TABLE "KNOW_FARM_DOCMESSAGE" ADD CHECK ("PSTATE" IS NOT NULL);
ALTER TABLE "KNOW_FARM_DOCMESSAGE" ADD CHECK ("READUSERID" IS NOT NULL);
ALTER TABLE "KNOW_FARM_DOCMESSAGE" ADD CHECK ("CONTENT" IS NOT NULL);
ALTER TABLE "KNOW_FARM_DOCMESSAGE" ADD CHECK ("TITLE" IS NOT NULL);
ALTER TABLE "KNOW_FARM_DOCMESSAGE" ADD CHECK ("READSTATE" IS NOT NULL);

-- ----------------------------
-- Checks structure for table KNOW_FARM_DOCRUNINFO
-- ----------------------------
ALTER TABLE "KNOW_FARM_DOCRUNINFO" ADD CHECK ("ID" IS NOT NULL);
ALTER TABLE "KNOW_FARM_DOCRUNINFO" ADD CHECK ("VISITNUM" IS NOT NULL);
ALTER TABLE "KNOW_FARM_DOCRUNINFO" ADD CHECK ("HOTNUM" IS NOT NULL);
ALTER TABLE "KNOW_FARM_DOCRUNINFO" ADD CHECK ("LASTVTIME" IS NOT NULL);
ALTER TABLE "KNOW_FARM_DOCRUNINFO" ADD CHECK ("PRAISEYES" IS NOT NULL);
ALTER TABLE "KNOW_FARM_DOCRUNINFO" ADD CHECK ("PRAISENO" IS NOT NULL);
ALTER TABLE "KNOW_FARM_DOCRUNINFO" ADD CHECK ("EVALUATE" IS NOT NULL);
ALTER TABLE "KNOW_FARM_DOCRUNINFO" ADD CHECK ("ANSWERINGNUM" IS NOT NULL);

-- ----------------------------
-- Checks structure for table KNOW_FARM_DOCRUNINFO_DETAIL
-- ----------------------------
ALTER TABLE "KNOW_FARM_DOCRUNINFO_DETAIL" ADD CHECK ("ID" IS NOT NULL);
ALTER TABLE "KNOW_FARM_DOCRUNINFO_DETAIL" ADD CHECK ("CTIME" IS NOT NULL);
ALTER TABLE "KNOW_FARM_DOCRUNINFO_DETAIL" ADD CHECK ("PSTATE" IS NOT NULL);
ALTER TABLE "KNOW_FARM_DOCRUNINFO_DETAIL" ADD CHECK ("VTYPE" IS NOT NULL);
ALTER TABLE "KNOW_FARM_DOCRUNINFO_DETAIL" ADD CHECK ("DOCTEXTID" IS NOT NULL);
ALTER TABLE "KNOW_FARM_DOCRUNINFO_DETAIL" ADD CHECK ("RUNINFOID" IS NOT NULL);
ALTER TABLE "KNOW_FARM_DOCRUNINFO_DETAIL" ADD CHECK ("USERIP" IS NOT NULL);

-- ----------------------------
-- Checks structure for table KNOW_FARM_DOCTEXT
-- ----------------------------
ALTER TABLE "KNOW_FARM_DOCTEXT" ADD CHECK ("ID" IS NOT NULL);
ALTER TABLE "KNOW_FARM_DOCTEXT" ADD CHECK ("CTIME" IS NOT NULL);
ALTER TABLE "KNOW_FARM_DOCTEXT" ADD CHECK ("ETIME" IS NOT NULL);
ALTER TABLE "KNOW_FARM_DOCTEXT" ADD CHECK ("CUSERNAME" IS NOT NULL);
ALTER TABLE "KNOW_FARM_DOCTEXT" ADD CHECK ("CUSER" IS NOT NULL);
ALTER TABLE "KNOW_FARM_DOCTEXT" ADD CHECK ("EUSERNAME" IS NOT NULL);
ALTER TABLE "KNOW_FARM_DOCTEXT" ADD CHECK ("EUSER" IS NOT NULL);
ALTER TABLE "KNOW_FARM_DOCTEXT" ADD CHECK ("PSTATE" IS NOT NULL);

-- ----------------------------
-- Checks structure for table KNOW_FARM_DOCTYPE
-- ----------------------------
ALTER TABLE "KNOW_FARM_DOCTYPE" ADD CHECK ("NAME" IS NOT NULL);
ALTER TABLE "KNOW_FARM_DOCTYPE" ADD CHECK ("SORT" IS NOT NULL);
ALTER TABLE "KNOW_FARM_DOCTYPE" ADD CHECK ("TYPE" IS NOT NULL);
ALTER TABLE "KNOW_FARM_DOCTYPE" ADD CHECK ("ID" IS NOT NULL);
ALTER TABLE "KNOW_FARM_DOCTYPE" ADD CHECK ("CTIME" IS NOT NULL);
ALTER TABLE "KNOW_FARM_DOCTYPE" ADD CHECK ("ETIME" IS NOT NULL);
ALTER TABLE "KNOW_FARM_DOCTYPE" ADD CHECK ("CUSERNAME" IS NOT NULL);
ALTER TABLE "KNOW_FARM_DOCTYPE" ADD CHECK ("CUSER" IS NOT NULL);
ALTER TABLE "KNOW_FARM_DOCTYPE" ADD CHECK ("EUSERNAME" IS NOT NULL);
ALTER TABLE "KNOW_FARM_DOCTYPE" ADD CHECK ("EUSER" IS NOT NULL);
ALTER TABLE "KNOW_FARM_DOCTYPE" ADD CHECK ("PSTATE" IS NOT NULL);
ALTER TABLE "KNOW_FARM_DOCTYPE" ADD CHECK ("PARENTID" IS NOT NULL);
ALTER TABLE "KNOW_FARM_DOCTYPE" ADD CHECK ("TREECODE" IS NOT NULL);
ALTER TABLE "KNOW_FARM_DOCTYPE" ADD CHECK ("AUDITPOP" IS NOT NULL);
ALTER TABLE "KNOW_FARM_DOCTYPE" ADD CHECK ("WRITEPOP" IS NOT NULL);
ALTER TABLE "KNOW_FARM_DOCTYPE" ADD CHECK ("READPOP" IS NOT NULL);

-- ----------------------------
-- Checks structure for table KNOW_FARM_DOCTYPE_POP
-- ----------------------------
ALTER TABLE "KNOW_FARM_DOCTYPE_POP" ADD CHECK ("ID" IS NOT NULL);
ALTER TABLE "KNOW_FARM_DOCTYPE_POP" ADD CHECK ("POPTYPE" IS NOT NULL);
ALTER TABLE "KNOW_FARM_DOCTYPE_POP" ADD CHECK ("FUNTYPE" IS NOT NULL);
ALTER TABLE "KNOW_FARM_DOCTYPE_POP" ADD CHECK ("OID" IS NOT NULL);
ALTER TABLE "KNOW_FARM_DOCTYPE_POP" ADD CHECK ("ONAME" IS NOT NULL);
ALTER TABLE "KNOW_FARM_DOCTYPE_POP" ADD CHECK ("TYPEID" IS NOT NULL);

-- ----------------------------
-- Checks structure for table KNOW_FARM_QZ_SCHEDULER
-- ----------------------------
ALTER TABLE "KNOW_FARM_QZ_SCHEDULER" ADD CHECK ("ID" IS NOT NULL);
ALTER TABLE "KNOW_FARM_QZ_SCHEDULER" ADD CHECK ("AUTOIS" IS NOT NULL);
ALTER TABLE "KNOW_FARM_QZ_SCHEDULER" ADD CHECK ("CTIME" IS NOT NULL);
ALTER TABLE "KNOW_FARM_QZ_SCHEDULER" ADD CHECK ("ETIME" IS NOT NULL);
ALTER TABLE "KNOW_FARM_QZ_SCHEDULER" ADD CHECK ("CUSERNAME" IS NOT NULL);
ALTER TABLE "KNOW_FARM_QZ_SCHEDULER" ADD CHECK ("CUSER" IS NOT NULL);
ALTER TABLE "KNOW_FARM_QZ_SCHEDULER" ADD CHECK ("EUSERNAME" IS NOT NULL);
ALTER TABLE "KNOW_FARM_QZ_SCHEDULER" ADD CHECK ("EUSER" IS NOT NULL);
ALTER TABLE "KNOW_FARM_QZ_SCHEDULER" ADD CHECK ("PSTATE" IS NOT NULL);
ALTER TABLE "KNOW_FARM_QZ_SCHEDULER" ADD CHECK ("TASKID" IS NOT NULL);
ALTER TABLE "KNOW_FARM_QZ_SCHEDULER" ADD CHECK ("TRIGGERID" IS NOT NULL);

-- ----------------------------
-- Checks structure for table KNOW_FARM_QZ_TASK
-- ----------------------------
ALTER TABLE "KNOW_FARM_QZ_TASK" ADD CHECK ("ID" IS NOT NULL);
ALTER TABLE "KNOW_FARM_QZ_TASK" ADD CHECK ("CTIME" IS NOT NULL);
ALTER TABLE "KNOW_FARM_QZ_TASK" ADD CHECK ("ETIME" IS NOT NULL);
ALTER TABLE "KNOW_FARM_QZ_TASK" ADD CHECK ("CUSERNAME" IS NOT NULL);
ALTER TABLE "KNOW_FARM_QZ_TASK" ADD CHECK ("CUSER" IS NOT NULL);
ALTER TABLE "KNOW_FARM_QZ_TASK" ADD CHECK ("EUSERNAME" IS NOT NULL);
ALTER TABLE "KNOW_FARM_QZ_TASK" ADD CHECK ("EUSER" IS NOT NULL);
ALTER TABLE "KNOW_FARM_QZ_TASK" ADD CHECK ("PSTATE" IS NOT NULL);
ALTER TABLE "KNOW_FARM_QZ_TASK" ADD CHECK ("JOBCLASS" IS NOT NULL);
ALTER TABLE "KNOW_FARM_QZ_TASK" ADD CHECK ("NAME" IS NOT NULL);
ALTER TABLE "KNOW_FARM_QZ_TASK" ADD CHECK ("JOBKEY" IS NOT NULL);

-- ----------------------------
-- Checks structure for table KNOW_FARM_QZ_TRIGGER
-- ----------------------------
ALTER TABLE "KNOW_FARM_QZ_TRIGGER" ADD CHECK ("ID" IS NOT NULL);
ALTER TABLE "KNOW_FARM_QZ_TRIGGER" ADD CHECK ("CTIME" IS NOT NULL);
ALTER TABLE "KNOW_FARM_QZ_TRIGGER" ADD CHECK ("ETIME" IS NOT NULL);
ALTER TABLE "KNOW_FARM_QZ_TRIGGER" ADD CHECK ("CUSERNAME" IS NOT NULL);
ALTER TABLE "KNOW_FARM_QZ_TRIGGER" ADD CHECK ("CUSER" IS NOT NULL);
ALTER TABLE "KNOW_FARM_QZ_TRIGGER" ADD CHECK ("EUSERNAME" IS NOT NULL);
ALTER TABLE "KNOW_FARM_QZ_TRIGGER" ADD CHECK ("EUSER" IS NOT NULL);
ALTER TABLE "KNOW_FARM_QZ_TRIGGER" ADD CHECK ("PSTATE" IS NOT NULL);
ALTER TABLE "KNOW_FARM_QZ_TRIGGER" ADD CHECK ("DESCRIPT" IS NOT NULL);
ALTER TABLE "KNOW_FARM_QZ_TRIGGER" ADD CHECK ("NAME" IS NOT NULL);

-- ----------------------------
-- Checks structure for table KNOW_FARM_RESUME_APPRAISAL
-- ----------------------------
ALTER TABLE "KNOW_FARM_RESUME_APPRAISAL" ADD CHECK ("ID" IS NOT NULL);
ALTER TABLE "KNOW_FARM_RESUME_APPRAISAL" ADD CHECK ("CTIME" IS NOT NULL);
ALTER TABLE "KNOW_FARM_RESUME_APPRAISAL" ADD CHECK ("ETIME" IS NOT NULL);
ALTER TABLE "KNOW_FARM_RESUME_APPRAISAL" ADD CHECK ("CUSERNAME" IS NOT NULL);
ALTER TABLE "KNOW_FARM_RESUME_APPRAISAL" ADD CHECK ("CUSER" IS NOT NULL);
ALTER TABLE "KNOW_FARM_RESUME_APPRAISAL" ADD CHECK ("EUSERNAME" IS NOT NULL);
ALTER TABLE "KNOW_FARM_RESUME_APPRAISAL" ADD CHECK ("EUSER" IS NOT NULL);
ALTER TABLE "KNOW_FARM_RESUME_APPRAISAL" ADD CHECK ("PSTATE" IS NOT NULL);
ALTER TABLE "KNOW_FARM_RESUME_APPRAISAL" ADD CHECK ("USERID" IS NOT NULL);
ALTER TABLE "KNOW_FARM_RESUME_APPRAISAL" ADD CHECK ("APPRAISAL" IS NOT NULL);

-- ----------------------------
-- Checks structure for table KNOW_FARM_RESUME_BASE
-- ----------------------------
ALTER TABLE "KNOW_FARM_RESUME_BASE" ADD CHECK ("ID" IS NOT NULL);
ALTER TABLE "KNOW_FARM_RESUME_BASE" ADD CHECK ("CTIME" IS NOT NULL);
ALTER TABLE "KNOW_FARM_RESUME_BASE" ADD CHECK ("ETIME" IS NOT NULL);
ALTER TABLE "KNOW_FARM_RESUME_BASE" ADD CHECK ("CUSERNAME" IS NOT NULL);
ALTER TABLE "KNOW_FARM_RESUME_BASE" ADD CHECK ("CUSER" IS NOT NULL);
ALTER TABLE "KNOW_FARM_RESUME_BASE" ADD CHECK ("EUSERNAME" IS NOT NULL);
ALTER TABLE "KNOW_FARM_RESUME_BASE" ADD CHECK ("EUSER" IS NOT NULL);
ALTER TABLE "KNOW_FARM_RESUME_BASE" ADD CHECK ("PSTATE" IS NOT NULL);
ALTER TABLE "KNOW_FARM_RESUME_BASE" ADD CHECK ("USERID" IS NOT NULL);
ALTER TABLE "KNOW_FARM_RESUME_BASE" ADD CHECK ("NAME" IS NOT NULL);

-- ----------------------------
-- Checks structure for table KNOW_FARM_RESUME_EDUCATE
-- ----------------------------
ALTER TABLE "KNOW_FARM_RESUME_EDUCATE" ADD CHECK ("ID" IS NOT NULL);
ALTER TABLE "KNOW_FARM_RESUME_EDUCATE" ADD CHECK ("CTIME" IS NOT NULL);
ALTER TABLE "KNOW_FARM_RESUME_EDUCATE" ADD CHECK ("ETIME" IS NOT NULL);
ALTER TABLE "KNOW_FARM_RESUME_EDUCATE" ADD CHECK ("CUSERNAME" IS NOT NULL);
ALTER TABLE "KNOW_FARM_RESUME_EDUCATE" ADD CHECK ("CUSER" IS NOT NULL);
ALTER TABLE "KNOW_FARM_RESUME_EDUCATE" ADD CHECK ("EUSERNAME" IS NOT NULL);
ALTER TABLE "KNOW_FARM_RESUME_EDUCATE" ADD CHECK ("EUSER" IS NOT NULL);
ALTER TABLE "KNOW_FARM_RESUME_EDUCATE" ADD CHECK ("PSTATE" IS NOT NULL);
ALTER TABLE "KNOW_FARM_RESUME_EDUCATE" ADD CHECK ("USERID" IS NOT NULL);
ALTER TABLE "KNOW_FARM_RESUME_EDUCATE" ADD CHECK ("SCHOOLNAME" IS NOT NULL);

-- ----------------------------
-- Checks structure for table KNOW_FARM_RESUME_FAMILY
-- ----------------------------
ALTER TABLE "KNOW_FARM_RESUME_FAMILY" ADD CHECK ("ID" IS NOT NULL);
ALTER TABLE "KNOW_FARM_RESUME_FAMILY" ADD CHECK ("CTIME" IS NOT NULL);
ALTER TABLE "KNOW_FARM_RESUME_FAMILY" ADD CHECK ("ETIME" IS NOT NULL);
ALTER TABLE "KNOW_FARM_RESUME_FAMILY" ADD CHECK ("CUSERNAME" IS NOT NULL);
ALTER TABLE "KNOW_FARM_RESUME_FAMILY" ADD CHECK ("CUSER" IS NOT NULL);
ALTER TABLE "KNOW_FARM_RESUME_FAMILY" ADD CHECK ("EUSERNAME" IS NOT NULL);
ALTER TABLE "KNOW_FARM_RESUME_FAMILY" ADD CHECK ("EUSER" IS NOT NULL);
ALTER TABLE "KNOW_FARM_RESUME_FAMILY" ADD CHECK ("PSTATE" IS NOT NULL);
ALTER TABLE "KNOW_FARM_RESUME_FAMILY" ADD CHECK ("USERID" IS NOT NULL);
ALTER TABLE "KNOW_FARM_RESUME_FAMILY" ADD CHECK ("RELATIONTYPE" IS NOT NULL);

-- ----------------------------
-- Checks structure for table KNOW_FARM_RESUME_FILES
-- ----------------------------
ALTER TABLE "KNOW_FARM_RESUME_FILES" ADD CHECK ("ID" IS NOT NULL);
ALTER TABLE "KNOW_FARM_RESUME_FILES" ADD CHECK ("CTIME" IS NOT NULL);
ALTER TABLE "KNOW_FARM_RESUME_FILES" ADD CHECK ("ETIME" IS NOT NULL);
ALTER TABLE "KNOW_FARM_RESUME_FILES" ADD CHECK ("CUSERNAME" IS NOT NULL);
ALTER TABLE "KNOW_FARM_RESUME_FILES" ADD CHECK ("CUSER" IS NOT NULL);
ALTER TABLE "KNOW_FARM_RESUME_FILES" ADD CHECK ("EUSERNAME" IS NOT NULL);
ALTER TABLE "KNOW_FARM_RESUME_FILES" ADD CHECK ("EUSER" IS NOT NULL);
ALTER TABLE "KNOW_FARM_RESUME_FILES" ADD CHECK ("PSTATE" IS NOT NULL);
ALTER TABLE "KNOW_FARM_RESUME_FILES" ADD CHECK ("USERID" IS NOT NULL);
ALTER TABLE "KNOW_FARM_RESUME_FILES" ADD CHECK ("FILEID" IS NOT NULL);

-- ----------------------------
-- Checks structure for table KNOW_FARM_RESUME_INTENSION
-- ----------------------------
ALTER TABLE "KNOW_FARM_RESUME_INTENSION" ADD CHECK ("ID" IS NOT NULL);
ALTER TABLE "KNOW_FARM_RESUME_INTENSION" ADD CHECK ("CTIME" IS NOT NULL);
ALTER TABLE "KNOW_FARM_RESUME_INTENSION" ADD CHECK ("ETIME" IS NOT NULL);
ALTER TABLE "KNOW_FARM_RESUME_INTENSION" ADD CHECK ("CUSERNAME" IS NOT NULL);
ALTER TABLE "KNOW_FARM_RESUME_INTENSION" ADD CHECK ("CUSER" IS NOT NULL);
ALTER TABLE "KNOW_FARM_RESUME_INTENSION" ADD CHECK ("EUSERNAME" IS NOT NULL);
ALTER TABLE "KNOW_FARM_RESUME_INTENSION" ADD CHECK ("EUSER" IS NOT NULL);
ALTER TABLE "KNOW_FARM_RESUME_INTENSION" ADD CHECK ("PSTATE" IS NOT NULL);
ALTER TABLE "KNOW_FARM_RESUME_INTENSION" ADD CHECK ("USERID" IS NOT NULL);
ALTER TABLE "KNOW_FARM_RESUME_INTENSION" ADD CHECK ("WORKNATURE" IS NOT NULL);

-- ----------------------------
-- Checks structure for table KNOW_FARM_RESUME_WORK
-- ----------------------------
ALTER TABLE "KNOW_FARM_RESUME_WORK" ADD CHECK ("ID" IS NOT NULL);
ALTER TABLE "KNOW_FARM_RESUME_WORK" ADD CHECK ("CTIME" IS NOT NULL);
ALTER TABLE "KNOW_FARM_RESUME_WORK" ADD CHECK ("ETIME" IS NOT NULL);
ALTER TABLE "KNOW_FARM_RESUME_WORK" ADD CHECK ("CUSERNAME" IS NOT NULL);
ALTER TABLE "KNOW_FARM_RESUME_WORK" ADD CHECK ("CUSER" IS NOT NULL);
ALTER TABLE "KNOW_FARM_RESUME_WORK" ADD CHECK ("EUSERNAME" IS NOT NULL);
ALTER TABLE "KNOW_FARM_RESUME_WORK" ADD CHECK ("EUSER" IS NOT NULL);
ALTER TABLE "KNOW_FARM_RESUME_WORK" ADD CHECK ("PSTATE" IS NOT NULL);
ALTER TABLE "KNOW_FARM_RESUME_WORK" ADD CHECK ("USERID" IS NOT NULL);
ALTER TABLE "KNOW_FARM_RESUME_WORK" ADD CHECK ("NAME" IS NOT NULL);

-- ----------------------------
-- Checks structure for table KNOW_FARM_RF_DOCTEXTFILE
-- ----------------------------
ALTER TABLE "KNOW_FARM_RF_DOCTEXTFILE" ADD CHECK ("ID" IS NOT NULL);
ALTER TABLE "KNOW_FARM_RF_DOCTEXTFILE" ADD CHECK ("FILEID" IS NOT NULL);
ALTER TABLE "KNOW_FARM_RF_DOCTEXTFILE" ADD CHECK ("DOCID" IS NOT NULL);

-- ----------------------------
-- Checks structure for table KNOW_FARM_RF_DOCTYPE
-- ----------------------------
ALTER TABLE "KNOW_FARM_RF_DOCTYPE" ADD CHECK ("ID" IS NOT NULL);
ALTER TABLE "KNOW_FARM_RF_DOCTYPE" ADD CHECK ("TYPEID" IS NOT NULL);
ALTER TABLE "KNOW_FARM_RF_DOCTYPE" ADD CHECK ("DOCID" IS NOT NULL);

-- ----------------------------
-- Checks structure for table KNOW_FARM_TOP
-- ----------------------------
ALTER TABLE "KNOW_FARM_TOP" ADD CHECK ("ID" IS NOT NULL);
ALTER TABLE "KNOW_FARM_TOP" ADD CHECK ("CTIME" IS NOT NULL);
ALTER TABLE "KNOW_FARM_TOP" ADD CHECK ("CUSERNAME" IS NOT NULL);
ALTER TABLE "KNOW_FARM_TOP" ADD CHECK ("CUSER" IS NOT NULL);
ALTER TABLE "KNOW_FARM_TOP" ADD CHECK ("PSTATE" IS NOT NULL);
ALTER TABLE "KNOW_FARM_TOP" ADD CHECK ("DOCID" IS NOT NULL);
ALTER TABLE "KNOW_FARM_TOP" ADD CHECK ("SORT" IS NOT NULL);

-- ----------------------------
-- Checks structure for table KNOW_FARM_USERMESSAGE
-- ----------------------------
ALTER TABLE "KNOW_FARM_USERMESSAGE" ADD CHECK ("ID" IS NOT NULL);
ALTER TABLE "KNOW_FARM_USERMESSAGE" ADD CHECK ("CTIME" IS NOT NULL);
ALTER TABLE "KNOW_FARM_USERMESSAGE" ADD CHECK ("PSTATE" IS NOT NULL);
ALTER TABLE "KNOW_FARM_USERMESSAGE" ADD CHECK ("READUSERID" IS NOT NULL);
ALTER TABLE "KNOW_FARM_USERMESSAGE" ADD CHECK ("CONTENT" IS NOT NULL);
ALTER TABLE "KNOW_FARM_USERMESSAGE" ADD CHECK ("TITLE" IS NOT NULL);
ALTER TABLE "KNOW_FARM_USERMESSAGE" ADD CHECK ("READSTATE" IS NOT NULL);

-- ----------------------------
-- Checks structure for table KNOW_FARM_WEBURL
-- ----------------------------
ALTER TABLE "KNOW_FARM_WEBURL" ADD CHECK ("ID" IS NOT NULL);
ALTER TABLE "KNOW_FARM_WEBURL" ADD CHECK ("CTIME" IS NOT NULL);
ALTER TABLE "KNOW_FARM_WEBURL" ADD CHECK ("ETIME" IS NOT NULL);
ALTER TABLE "KNOW_FARM_WEBURL" ADD CHECK ("CUSERNAME" IS NOT NULL);
ALTER TABLE "KNOW_FARM_WEBURL" ADD CHECK ("CUSER" IS NOT NULL);
ALTER TABLE "KNOW_FARM_WEBURL" ADD CHECK ("EUSERNAME" IS NOT NULL);
ALTER TABLE "KNOW_FARM_WEBURL" ADD CHECK ("EUSER" IS NOT NULL);
ALTER TABLE "KNOW_FARM_WEBURL" ADD CHECK ("PSTATE" IS NOT NULL);
ALTER TABLE "KNOW_FARM_WEBURL" ADD CHECK ("URL" IS NOT NULL);
ALTER TABLE "KNOW_FARM_WEBURL" ADD CHECK ("WEBNAME" IS NOT NULL);
ALTER TABLE "KNOW_FARM_WEBURL" ADD CHECK ("SORT" IS NOT NULL);


ALTER TABLE KNOW_FARM_DOCFILE add FAST_PATH NVARCHAR2(256) DEFAULT null ;

INSERT INTO "KNOW_FARM_DOCTYPE" VALUES ('法律法规', NULL, NULL, '1', '3', NULL, NULL, NULL, NULL, '8a80b38e66e3210c0166ed6e89120189', '20181107170856', '20181107170856', '系统管理员', '40288b854a329988014a329a12f30002', '系统管理员', '40288b854a329988014a329a12f30002', NULL, '1', 'NONE', '8a80b38e66e3210c0166ed6e89120189', NULL, '0', '0', '0');
INSERT INTO "KNOW_FARM_DOCTYPE" VALUES ('政策规范', NULL, NULL, '2', '3', NULL, NULL, NULL, NULL, '8a80b38e66e3210c0166ed6eb3d3018a', '20181107170907', '20181107170907', '系统管理员', '40288b854a329988014a329a12f30002', '系统管理员', '40288b854a329988014a329a12f30002', NULL, '1', 'NONE', '8a80b38e66e3210c0166ed6eb3d3018a', NULL, '0', '0', '0');
INSERT INTO "KNOW_FARM_DOCTYPE" VALUES ('系统操作指南', NULL, NULL, '3', '3', NULL, NULL, NULL, NULL, '8a80b38e66e3210c0166ed6f0ded018b', '20181107170930', '20181107170930', '系统管理员', '40288b854a329988014a329a12f30002', '系统管理员', '40288b854a329988014a329a12f30002', NULL, '1', 'NONE', '8a80b38e66e3210c0166ed6f0ded018b', NULL, '0', '0', '0');
INSERT INTO "KNOW_FARM_DOCTYPE" VALUES ('经验做法', NULL, NULL, '4', '3', NULL, NULL, NULL, NULL, '8a80b38e66e3210c0166ed6f4a32018c', '20181107170945', '20181107170945', '系统管理员', '40288b854a329988014a329a12f30002', '系统管理员', '40288b854a329988014a329a12f30002', NULL, '1', 'NONE', '8a80b38e66e3210c0166ed6f4a32018c', NULL, '0', '0', '0');
INSERT INTO "KNOW_FARM_DOCTYPE" VALUES ('工作流导航', NULL, NULL, '5', '3', NULL, NULL, NULL, NULL, '8a80b38e66e3210c0166ed6f7b82018d', '20181107170958', '20181107170958', '系统管理员', '40288b854a329988014a329a12f30002', '系统管理员', '40288b854a329988014a329a12f30002', NULL, '1', 'NONE', '8a80b38e66e3210c0166ed6f7b82018d', NULL, '0', '0', '0');
INSERT INTO "KNOW_FARM_DOCTYPE" VALUES ('监管系统', NULL, NULL, '1', '3', NULL, NULL, NULL, NULL, '8a80b38e66e3210c0166ed6fbc3e018e', '20181107171014', '20181107171014', '系统管理员', '40288b854a329988014a329a12f30002', '系统管理员', '40288b854a329988014a329a12f30002', NULL, '1', '8a80b38e66e3210c0166ed6f0ded018b', '8a80b38e66e3210c0166ed6f0ded018b8a80b38e66e3210c0166ed6fbc3e018e', NULL, '0', '0', '0');
INSERT INTO "KNOW_FARM_DOCTYPE" VALUES ('执法系统', NULL, NULL, '2', '3', NULL, NULL, NULL, NULL, '8a80b38e66e3210c0166ed6fe5e7018f', '20181107171025', '20181107171025', '系统管理员', '40288b854a329988014a329a12f30002', '系统管理员', '40288b854a329988014a329a12f30002', NULL, '1', '8a80b38e66e3210c0166ed6f0ded018b', '8a80b38e66e3210c0166ed6f0ded018b8a80b38e66e3210c0166ed6fe5e7018f', NULL, '0', '0', '0');
INSERT INTO "KNOW_FARM_DOCTYPE" VALUES ('监测系统', NULL, NULL, '3', '3', NULL, NULL, NULL, NULL, '8a80b38e66e3210c0166ed7002470190', '20181107171032', '20181107171032', '系统管理员', '40288b854a329988014a329a12f30002', '系统管理员', '40288b854a329988014a329a12f30002', NULL, '1', '8a80b38e66e3210c0166ed6f0ded018b', '8a80b38e66e3210c0166ed6f0ded018b8a80b38e66e3210c0166ed7002470190', NULL, '0', '0', '0');
INSERT INTO "KNOW_FARM_DOCTYPE" VALUES ('查询系统', NULL, NULL, '4', '3', NULL, NULL, NULL, NULL, '8a80b38e66e3210c0166ed703c8d0191', '20181107171047', '20181107171047', '系统管理员', '40288b854a329988014a329a12f30002', '系统管理员', '40288b854a329988014a329a12f30002', NULL, '1', '8a80b38e66e3210c0166ed6f0ded018b', '8a80b38e66e3210c0166ed6f0ded018b8a80b38e66e3210c0166ed703c8d0191', NULL, '0', '0', '0');
INSERT INTO "KNOW_FARM_DOCTYPE" VALUES ('追溯系统', NULL, NULL, '5', '3', NULL, NULL, NULL, NULL, '8a80b38e66e3210c0166ed7056c80192', '20181107171054', '20181107171054', '系统管理员', '40288b854a329988014a329a12f30002', '系统管理员', '40288b854a329988014a329a12f30002', NULL, '1', '8a80b38e66e3210c0166ed6f0ded018b', '8a80b38e66e3210c0166ed6f0ded018b8a80b38e66e3210c0166ed7056c80192', NULL, '0', '0', '0');
INSERT INTO "KNOW_FARM_DOCTYPE" VALUES ('数据共享系统', NULL, NULL, '6', '3', NULL, NULL, NULL, NULL, '8a80b38e66e3210c0166ed708e000193', '20181107171108', '20181107171108', '系统管理员', '40288b854a329988014a329a12f30002', '系统管理员', '40288b854a329988014a329a12f30002', NULL, '1', '8a80b38e66e3210c0166ed6f0ded018b', '8a80b38e66e3210c0166ed6f0ded018b8a80b38e66e3210c0166ed708e000193', NULL, '0', '0', '0');
INSERT INTO "KNOW_FARM_DOCTYPE" VALUES ('系统管理', NULL, NULL, '7', '3', NULL, NULL, NULL, NULL, '8a80b38e66e3210c0166ed70a8910194', '20181107171115', '20181107171115', '系统管理员', '40288b854a329988014a329a12f30002', '系统管理员', '40288b854a329988014a329a12f30002', NULL, '1', '8a80b38e66e3210c0166ed6f0ded018b', '8a80b38e66e3210c0166ed6f0ded018b8a80b38e66e3210c0166ed70a8910194', NULL, '0', '0', '0');
INSERT INTO "KNOW_FARM_DOCTYPE" VALUES ('分析决策', NULL, NULL, '8', '3', NULL, NULL, NULL, NULL, '8a80b38e66e3210c0166ed70cb120195', '20181107171124', '20181107171124', '系统管理员', '40288b854a329988014a329a12f30002', '系统管理员', '40288b854a329988014a329a12f30002', NULL, '1', '8a80b38e66e3210c0166ed6f0ded018b', '8a80b38e66e3210c0166ed6f0ded018b8a80b38e66e3210c0166ed70cb120195', NULL, '0', '0', '0');